j,t,qjt,pjt,wj,gj,ct
a1,1,0.00111847060480016,26.070443024635,0.3,4.8,0.6
a2,1,0.117769517283621,2.96564860506663,0.1,1.9,0.6
a3,1,0,15.9296114524551,1,4,0.6
b1,1,0.117769517283621,2.96564860506663,0.3,2,0.6
b2,1,0,10.9250452156504,0.5,3.25,0.6
a1,2,0.00108281062949471,26.3252750658436,0.3,4.8,0.7
a2,2,0.116259435740994,2.99527749210294,0.1,1.9,0.7
a3,2,0,15.9559413871887,1,4,0.7
b1,2,0.116259435740994,2.99527749210294,0.3,2,0.7
b2,2,0,11.0322545839565,0.5,3.25,0.7
a1,3,0.000555392746317795,30.2760734209428,0.3,4.8,0.8
a2,3,0.114752114258364,3.02857130865151,0.1,1.9,0.8
a3,3,0.000169957088919558,16.6990646979492,1,4,0.8
b1,3,0.114752114258364,3.02857130865151,0.3,2,0.8
b2,3,0,12.1589748836529,0.5,3.25,0.8
a1,4,0.000111623688696786,30.2760734209428,0.3,4.8,0.9
a2,4,0.159749023595383,1.15903963588565,0.1,1.9,0.9
a3,4,8.18384849894363e-06,9.39858248140217,1,4,0.9
b1,4,0.159749023595383,1.15903963588565,0.3,2,0.9
b2,4,0.268384095517337,1.85314694471587,0.5,3.25,0.9
a1,5,0.000111842558533362,30.2760734209428,0.3,4.8,1
a2,5,0.156852405975999,1.17134905762375,0.1,1.9,1
a3,5,7.86526813061058e-06,9.40898118824075,1,4,1
b1,5,0.156852405975999,1.17134905762375,0.3,2,1
b2,5,0.270061061138489,1.86194083057599,0.5,3.25,1
a1,6,0.000112062928967519,30.2760734209425,0.3,4.8,1.1
a2,6,0.153962511493306,1.18366844230407,0.1,1.9,1.1
a3,6,7.54256487393924e-06,9.41942668991112,1,4,1.1
b1,6,0.153962511493306,1.18366844230407,0.3,2,1.1
b2,6,0.271755245166572,1.87073764609939,0.5,3.25,1.1
a1,7,0.325523507241407,2.66216151707835,0.3,4.8,1.2
a2,7,0,1.325,0.1,1.9,1.2
a3,7,0,2.46343977016624,1,4,1.2
b1,7,0,1.325,0.3,2,1.2
b2,7,0.24067588669451,1.54232926150608,0.5,3.25,1.2
a1,8,0.323547219783239,2.68159130887087,0.3,4.8,1.3
a2,8,0,1.345,0.1,1.9,1.3
a3,8,0,2.4695487615211,1,4,1.3
b1,8,0,1.345,0.3,2,1.3
b2,8,0.239281674310546,1.55558951191171,0.5,3.25,1.3
a1,9,0.321586438000157,2.70102279819374,0.3,4.8,1.4
a2,9,0,1.365,0.1,1.9,1.4
a3,9,0,2.47568846410752,1,4,1.4
b1,9,0,1.365,0.3,2,1.4
b2,9,0.237895802395127,1.56885077388588,0.5,3.25,1.4
a1,10,0.319641023483167,2.72045592334774,0.3,4.8,1.5
a2,10,0,1.385,0.1,1.9,1.5
a3,10,0,2.48185939243477,1,4,1.5
b1,10,0,1.385,0.3,2,1.5
b2,10,0.236518288192619,1.58211301200885,0.5,3.25,1.5
