case,mu,t,foc_norm,max_deviation_gain,valid,deviation_controller,outside_share,active_products,retained_products,dropped_products
separate,-0.5,1,1.110223024625e-16,nan,True,not checked,0.111316337455282,a1;a2;b1,a2;b1;b2;a3;a1,
separate,-0.5,2,0.000000000000e+00,nan,True,not checked,0.117388876677994,a1;b1,b1;b2;a3;a1,a2
separate,-0.5,3,1.387778780781e-16,nan,True,not checked,0.123496901298493,a1;b1,b1;b2;a3;a1,a2
separate,-0.5,4,5.551115123126e-17,nan,True,not checked,0.129633931418446,a1;b1,b1;b2;a3;a1,a2
separate,-0.5,5,2.775557561563e-17,nan,True,not checked,0.135793945639366,a1;b1,b1;b2;a3;a1,a2
separate,-0.5,6,2.775557561563e-17,nan,True,not checked,0.141971352023691,a1;b1,b1;b2;a3;a1,a2
separate,-0.5,7,1.387778780781e-16,nan,True,not checked,0.148160960562991,a1;b1,b1;b2;a3;a1,a2
separate,-0.5,8,2.775557561563e-17,nan,True,not checked,0.154357957159284,a1;b1,b1;b2;a3;a1,a2
separate,-0.5,9,2.775557561563e-17,nan,True,not checked,0.160557879100313,a1;b1,b1;b2;a3;a1,a2
separate,-0.5,10,0.000000000000e+00,nan,True,not checked,0.166756591991797,a1;b1,b1;b2;a3;a1,a2
separate,0.0,1,1.301556085131e-11,nan,True,not checked,0.235898750998853,a1;a2;b1,a2;b1;b2;a3;a1,
separate,0.0,2,2.647304597758e-11,nan,True,not checked,0.245681908704599,a1;b1,b1;b2;a3;a1,a2
separate,0.0,3,2.045495439695e-10,nan,True,not checked,0.255371222242751,a1;b1,b1;b2;a3;a1,a2
separate,0.0,4,1.876316324534e-10,nan,True,not checked,0.264961595044186,a1;b1,b1;b2;a3;a1,a2
separate,0.0,5,1.072200661589e-11,nan,True,not checked,0.274448700253095,a1;b1,b1;b2;a3;a1,a2
separate,0.0,6,1.538728588990e-10,nan,True,not checked,0.283828897361065,a1;b1,b1;b2;a3;a1,a2
separate,0.0,7,1.379350522690e-10,nan,True,not checked,0.293099157757916,a1;b1,b1;b2;a3;a1,a2
separate,0.0,8,1.082922085338e-10,nan,True,not checked,0.302256998218772,a1;b1,b1;b2;a3;a1,a2
separate,0.0,9,5.804101643747e-11,nan,True,not checked,0.311300421455353,a1;b1,b1;b2;a3;a1,a2
separate,0.0,10,1.444613872970e-10,nan,True,not checked,0.3202278629569,a1;b1,b1;b2;a3;a1,a2
separate,0.5,1,1.247953483338e-05,nan,False,not checked,0.413107906177409,a1;a2;a3;b1,a2;b1;b2;a3;a1,
separate,0.5,2,1.245063279031e-05,nan,False,not checked,0.425382951075106,a1;a3;b1,b1;b2;a3;a1,a2
separate,0.5,3,1.242169354699e-05,nan,False,not checked,0.437353663931101,a1;a3;b1,b1;b2;a3;a1,a2
separate,0.5,4,1.239271683028e-05,nan,False,not checked,0.44902571042492,a1;a3;b1,b1;b2;a3;a1,a2
separate,0.5,5,1.236370270122e-05,nan,False,not checked,0.460405115459811,a1;a3;b1,b1;b2;a3;a1,a2
separate,0.5,6,1.233465164219e-05,nan,False,not checked,0.471498170881515,a1;a3;b1,b1;b2;a3;a1,a2
separate,0.5,7,1.230556466061e-05,nan,False,not checked,0.482311358362622,a1;a3;b1,b1;b2;a3;a1,a2
separate,0.5,8,1.227644356302e-05,nan,False,not checked,0.492851285056593,a1;a3;b1,b1;b2;a3;a1,a2
separate,0.5,9,4.665912208961e-05,nan,False,not checked,0.503124630015999,a1;b1;b2,b1;b2;a3;a1,a2
separate,0.5,10,1.221810928339e-05,nan,False,not checked,0.513138099693184,a1;a3;b1,b1;b2;a3;a1,a2
collusive,-0.5,1,1.199557352072e-10,nan,True,not checked,0.359636412478118,a1;a2;b1,a2;b1;b2;a3;a1,
collusive,-0.5,2,7.195027562079e-12,nan,True,not checked,0.36273022610985,a1;a2;b1,a2;b1;b2;a3;a1,
collusive,-0.5,3,4.453949394009e-11,nan,True,not checked,0.365808069566035,a1;a2;b1,a2;b1;b2;a3;a1,
collusive,-0.5,4,6.996417340962e-03,nan,False,not checked,0.71476619202412,a1;a2;a3;b1,a2;b1;b2;a3;a1,
collusive,-0.5,5,1.205014501499e-02,nan,False,not checked,0.725284270276039,a1,a2;b1;b2;a3;a1,
collusive,-0.5,6,1.281772063474e-02,nan,False,not checked,0.725284270276039,a1,a2;b1;b2;a3;a1,
collusive,-0.5,7,7.025150008716e-04,nan,False,not checked,0.311106529638259,a1;a2;a3;b1,a2;b1;b2;a3;a1,
collusive,-0.5,8,7.005638070385e-04,nan,False,not checked,0.311792675482269,a1;a2;a3;b1,a2;b1;b2;a3;a1,
collusive,-0.5,9,6.986217090142e-04,nan,False,not checked,0.312482302265865,a1;a2;a3;b1,a2;b1;b2;a3;a1,
collusive,-0.5,10,6.966887791031e-04,nan,False,not checked,0.313176111358999,a1;a2;a3;b1,a2;b1;b2;a3;a1,
collusive,0.0,1,2.659637956223e-03,nan,False,not checked,0.763342494827958,a1;a2;b1,a2;b1;b2;a3;a1,
collusive,0.0,2,2.585635120620e-03,nan,False,not checked,0.766398317888518,a1;a2;b1,a2;b1;b2;a3;a1,
collusive,0.0,3,1.459568855984e-03,nan,False,not checked,0.769770421648034,a1;a2;a3;b1,a2;b1;b2;a3;a1,
collusive,0.0,4,3.267187633334e-04,nan,False,not checked,0.4119980497547,a1;a2;a3;b1;b2,a2;b1;b2;a3;a1,
collusive,0.0,5,3.269229932610e-04,nan,False,not checked,0.41611441908285,a1;a2;a3;b1;b2,a2;b1;b2;a3;a1,
collusive,0.0,6,3.271268243870e-04,nan,False,not checked,0.420200126352976,a1;a2;a3;b1;b2,a2;b1;b2;a3;a1,
collusive,0.0,7,1.279243701834e-11,nan,True,not checked,0.433800606064083,a1;b2,a2;b1;b2;a3;a1,
collusive,0.0,8,3.349238161808e-11,nan,True,not checked,0.437171105906215,a1;b2,a2;b1;b2;a3;a1,
collusive,0.0,9,4.456107427560e-12,nan,True,not checked,0.440517759604715,a1;b2,a2;b1;b2;a3;a1,
collusive,0.0,10,1.032570036615e-10,nan,True,not checked,0.443840688324215,a1;b2,a2;b1;b2;a3;a1,
collusive,0.5,1,5.551115123126e-17,nan,True,not checked,0.849946774050722,a1,a2;b1;b2;a3;a1,
collusive,0.5,2,5.551115123126e-17,nan,True,not checked,0.851303863528576,a1,a2;b1;b2;a3;a1,
collusive,0.5,3,0.000000000000e+00,nan,True,not checked,0.852644520702913,a1,a2;b1;b2;a3;a1,
collusive,0.5,4,1.665334536938e-16,nan,True,not checked,0.853968994626461,a1,a2;b1;b2;a3;a1,
collusive,0.5,5,5.551115123126e-17,nan,True,not checked,0.855277529921648,a1,a2;b1;b2;a3;a1,
collusive,0.5,6,5.551115123126e-17,nan,True,not checked,0.856570366866246,a1,a2;b1;b2;a3;a1,
collusive,0.5,7,0.000000000000e+00,nan,True,not checked,0.85784774147747,a1,a2;b1;b2;a3;a1,
collusive,0.5,8,7.565442716739e-11,nan,True,not checked,0.859109885485103,a1,a2;b1;b2;a3;a1,
collusive,0.5,9,4.108918760792e-11,nan,True,not checked,0.860357026900254,a1,a2;b1;b2;a3;a1,
collusive,0.5,10,2.189243231143e-11,nan,True,not checked,0.861589389265974,a1,a2;b1;b2;a3;a1,
