evaluation,objective_SSE,beta_w,beta_g,gamma_w,gamma_g,mu_minus_05,mu_0,mu_plus_05,failed_markets,elapsed_seconds
1,15000.0,-0.095,0.195,0.24,0.295,-0.45,0.05,0.45,60,0.004892587661743164
2,15000.0,-0.0950000149011612,0.195,0.24,0.295,-0.45,0.05,0.45,60,0.01478719711303711
3,15000.0,-0.095,0.1950000149011612,0.24,0.295,-0.45,0.05,0.45,60,0.0195310115814209
4,15000.0,-0.095,0.195,0.24000001490116118,0.295,-0.45,0.05,0.45,60,0.024274110794067383
5,15000.0,-0.095,0.195,0.24,0.2950000149011612,-0.45,0.05,0.45,60,0.035495758056640625
6,15000.0,-0.095,0.195,0.24,0.295,-0.4500000149011612,0.05,0.45,60,0.04456663131713867
7,15000.0,-0.095,0.195,0.24,0.295,-0.45,0.0500000149011612,0.45,60,0.05073380470275879
8,15000.0,-0.095,0.195,0.24,0.295,-0.45,0.05,0.4500000149011612,60,0.05635547637939453
9,15000.0,-0.095,0.195,0.24,0.295,-0.45,0.05,0.45,60,0.06159782409667969
