pricing_regime,dataset,mu_scenario_label,t,product,observed_share,predicted_share,share_residual,observed_price,predicted_price,price_residual,equilibrium_valid
Bertrand,bikes_1.csv,-0.5,1,a1,0.23847724385049,,,4.35389210115677,,,False
Bertrand,bikes_1.csv,-0.5,1,a2,0.325103209347114,,,0.705,,,False
Bertrand,bikes_1.csv,-0.5,1,a3,0.0,,,4.22750541494095,,,False
Bertrand,bikes_1.csv,-0.5,1,b1,0.325103209347114,,,0.705,,,False
Bertrand,bikes_1.csv,-0.5,1,b2,0.0,,,3.84423760078102,,,False
Bertrand,bikes_1.csv,-0.5,2,a1,0.23910009833136,,,4.36906843598473,,,False
Bertrand,bikes_1.csv,-0.5,2,a2,0.0,,,114.477346146633,,,False
Bertrand,bikes_1.csv,-0.5,2,a3,0.0,,,4.22750541494095,,,False
Bertrand,bikes_1.csv,-0.5,2,b1,0.643511024990645,,,0.7275,,,False
Bertrand,bikes_1.csv,-0.5,2,b2,0.0,,,3.84423760078102,,,False
Bertrand,bikes_1.csv,-0.5,3,a1,0.23972510539951,,,4.38424467853675,,,False
Bertrand,bikes_1.csv,-0.5,3,a2,0.0,,,114.477346146633,,,False
Bertrand,bikes_1.csv,-0.5,3,a3,0.0,,,4.22750541494095,,,False
Bertrand,bikes_1.csv,-0.5,3,b1,0.636777993301997,,,0.75,,,False
Bertrand,bikes_1.csv,-0.5,3,b2,0.0,,,3.84423760078102,,,False
Bertrand,bikes_1.csv,-0.5,4,a1,0.240352273816879,,,4.39942083469522,,,False
Bertrand,bikes_1.csv,-0.5,4,a2,0.0,,,114.477346146633,,,False
Bertrand,bikes_1.csv,-0.5,4,a3,0.0,,,4.22750541494095,,,False
Bertrand,bikes_1.csv,-0.5,4,b1,0.630013794764675,,,0.7725,,,False
Bertrand,bikes_1.csv,-0.5,4,b2,0.0,,,3.84423760078102,,,False
Bertrand,bikes_1.csv,-0.5,5,a1,0.240981612379553,,,4.41459691040956,,,False
Bertrand,bikes_1.csv,-0.5,5,a2,0.0,,,114.477346146633,,,False
Bertrand,bikes_1.csv,-0.5,5,a3,0.0,,,4.22750541494095,,,False
Bertrand,bikes_1.csv,-0.5,5,b1,0.623224441981081,,,0.795,,,False
Bertrand,bikes_1.csv,-0.5,5,b2,0.0,,,3.84423760078102,,,False
Bertrand,bikes_1.csv,-0.5,6,a1,0.241613129917779,,,4.42977291169689,,,False
Bertrand,bikes_1.csv,-0.5,6,a2,0.0,,,114.477346146633,,,False
Bertrand,bikes_1.csv,-0.5,6,a3,0.0,,,4.22750541494095,,,False
Bertrand,bikes_1.csv,-0.5,6,b1,0.61641551805853,,,0.8175,,,False
Bertrand,bikes_1.csv,-0.5,6,b2,0.0,,,3.84423760078102,,,False
Bertrand,bikes_1.csv,-0.5,7,a1,0.242246835295986,,,4.44494884464279,,,False
Bertrand,bikes_1.csv,-0.5,7,a2,0.0,,,114.477346146633,,,False
Bertrand,bikes_1.csv,-0.5,7,a3,0.0,,,4.22750541494095,,,False
Bertrand,bikes_1.csv,-0.5,7,b1,0.609592204141023,,,0.84,,,False
Bertrand,bikes_1.csv,-0.5,7,b2,0.0,,,3.84423760078102,,,False
Bertrand,bikes_1.csv,-0.5,8,a1,0.242882737412798,,,4.46012471540208,,,False
Bertrand,bikes_1.csv,-0.5,8,a2,0.0,,,114.477346146633,,,False
Bertrand,bikes_1.csv,-0.5,8,a3,0.0,,,4.22750541494095,,,False
Bertrand,bikes_1.csv,-0.5,8,b1,0.602759305427918,,,0.8625,,,False
Bertrand,bikes_1.csv,-0.5,8,b2,0.0,,,3.84423760078102,,,False
Bertrand,bikes_1.csv,-0.5,9,a1,0.243520845201051,,,4.47530053019953,,,False
Bertrand,bikes_1.csv,-0.5,9,a2,0.0,,,114.477346146633,,,False
Bertrand,bikes_1.csv,-0.5,9,a3,0.0,,,4.22750541494095,,,False
Bertrand,bikes_1.csv,-0.5,9,b1,0.595921275698636,,,0.885,,,False
Bertrand,bikes_1.csv,-0.5,9,b2,0.0,,,3.84423760078102,,,False
Bertrand,bikes_1.csv,-0.5,10,a1,0.244161167627797,,,4.4904762953307,,,False
Bertrand,bikes_1.csv,-0.5,10,a2,0.0,,,114.477346146633,,,False
Bertrand,bikes_1.csv,-0.5,10,a3,0.0,,,4.22750541494095,,,False
Bertrand,bikes_1.csv,-0.5,10,b1,0.589082240380405,,,0.9075,,,False
Bertrand,bikes_1.csv,-0.5,10,b2,0.0,,,3.84423760078102,,,False
Bertrand,bikes_2.csv,0.0,1,a1,0.181757815739987,,,3.40135455057452,,,False
Bertrand,bikes_2.csv,0.0,1,a2,0.29117171663058,,,0.705,,,False
Bertrand,bikes_2.csv,0.0,1,a3,0.0,,,4.22750541494095,,,False
Bertrand,bikes_2.csv,0.0,1,b1,0.29117171663058,,,0.705,,,False
Bertrand,bikes_2.csv,0.0,1,b2,0.0,,,3.84423760078102,,,False
Bertrand,bikes_2.csv,0.0,2,a1,0.182473408969267,,,3.41656480184735,,,False
Bertrand,bikes_2.csv,0.0,2,a2,0.0,,,114.477346146633,,,False
Bertrand,bikes_2.csv,0.0,2,a3,0.0,,,4.22750541494095,,,False
Bertrand,bikes_2.csv,0.0,2,b1,0.571844682326133,,,0.7275,,,False
Bertrand,bikes_2.csv,0.0,2,b2,0.0,,,3.84423760078102,,,False
Bertrand,bikes_2.csv,0.0,3,a1,0.183192782829239,,,3.43177430848396,,,False
Bertrand,bikes_2.csv,0.0,3,a2,0.0,,,114.477346146633,,,False
Bertrand,bikes_2.csv,0.0,3,a3,0.0,,,4.22750541494095,,,False
Bertrand,bikes_2.csv,0.0,3,b1,0.56143599492801,,,0.75,,,False
Bertrand,bikes_2.csv,0.0,3,b2,0.0,,,3.84423760078102,,,False
Bertrand,bikes_2.csv,0.0,4,a1,0.183915962541016,,,3.44698306997025,,,False
Bertrand,bikes_2.csv,0.0,4,a2,0.0,,,114.477346146633,,,False
Bertrand,bikes_2.csv,0.0,4,a3,0.0,,,4.22750541494095,,,False
Bertrand,bikes_2.csv,0.0,4,b1,0.551122442414798,,,0.7725,,,False
Bertrand,bikes_2.csv,0.0,4,b2,0.0,,,3.84423760078102,,,False
Bertrand,bikes_2.csv,0.0,5,a1,0.184642973002228,,,3.4621910910524,,,False
Bertrand,bikes_2.csv,0.0,5,a2,0.0,,,114.477346146633,,,False
Bertrand,bikes_2.csv,0.0,5,a3,0.0,,,4.22750541494095,,,False
Bertrand,bikes_2.csv,0.0,5,b1,0.540908326744677,,,0.795,,,False
Bertrand,bikes_2.csv,0.0,5,b2,0.0,,,3.84423760078102,,,False
Bertrand,bikes_2.csv,0.0,6,a1,0.185373838520124,,,3.4773983842755,,,False
Bertrand,bikes_2.csv,0.0,6,a2,0.0,,,114.477346146633,,,False
Bertrand,bikes_2.csv,0.0,6,a3,0.0,,,4.22750541494095,,,False
Bertrand,bikes_2.csv,0.0,6,b1,0.530797264118811,,,0.8175,,,False
Bertrand,bikes_2.csv,0.0,6,b2,0.0,,,3.84423760078102,,,False
Bertrand,bikes_2.csv,0.0,7,a1,0.186108585173757,,,3.49260494641091,,,False
Bertrand,bikes_2.csv,0.0,7,a2,0.0,,,114.477346146633,,,False
Bertrand,bikes_2.csv,0.0,7,a3,0.0,,,4.22750541494095,,,False
Bertrand,bikes_2.csv,0.0,7,b1,0.520792257068327,,,0.84,,,False
Bertrand,bikes_2.csv,0.0,7,b2,0.0,,,3.84423760078102,,,False
Bertrand,bikes_2.csv,0.0,8,a1,0.186847238192696,,,3.50781078469792,,,False
Bertrand,bikes_2.csv,0.0,8,a2,0.0,,,114.477346146633,,,False
Bertrand,bikes_2.csv,0.0,8,a3,0.0,,,4.22750541494095,,,False
Bertrand,bikes_2.csv,0.0,8,b1,0.510895763588533,,,0.8625,,,False
Bertrand,bikes_2.csv,0.0,8,b2,0.0,,,3.84423760078102,,,False
Bertrand,bikes_2.csv,0.0,9,a1,0.187589823247667,,,3.52301590394552,,,False
Bertrand,bikes_2.csv,0.0,9,a2,0.0,,,114.477346146633,,,False
Bertrand,bikes_2.csv,0.0,9,a3,0.0,,,4.22750541494095,,,False
Bertrand,bikes_2.csv,0.0,9,b1,0.501109755296981,,,0.885,,,False
Bertrand,bikes_2.csv,0.0,9,b2,0.0,,,3.84423760078102,,,False
Bertrand,bikes_2.csv,0.0,10,a1,0.188336365958887,,,3.53822031140417,,,False
Bertrand,bikes_2.csv,0.0,10,a2,0.0,,,114.477346146633,,,False
Bertrand,bikes_2.csv,0.0,10,a3,0.0,,,4.22750541494095,,,False
Bertrand,bikes_2.csv,0.0,10,b1,0.491435771084213,,,0.9075,,,False
Bertrand,bikes_2.csv,0.0,10,b2,0.0,,,3.84423760078102,,,False
Bertrand,bikes_3.csv,0.5,1,a1,3.42314045341526e-06,,,30.2760733642862,,,False
Bertrand,bikes_3.csv,0.5,1,a2,0.239506926280218,,,0.705,,,False
Bertrand,bikes_3.csv,0.5,1,a3,0.107874818121702,,,1.88883806507659,,,False
Bertrand,bikes_3.csv,0.5,1,b1,0.239506926280218,,,0.705,,,False
Bertrand,bikes_3.csv,0.5,1,b2,0.0,,,1.55,,,False
Bertrand,bikes_3.csv,0.5,2,a1,3.41760494167938e-06,,,30.2760733656874,,,False
Bertrand,bikes_3.csv,0.5,2,a2,0.0,,,114.477346146633,,,False
Bertrand,bikes_3.csv,0.5,2,a3,0.113087406889373,,,1.87906769555782,,,False
Bertrand,bikes_3.csv,0.5,2,b1,0.461526224430579,,,0.7275,,,False
Bertrand,bikes_3.csv,0.5,2,b2,0.0,,,1.5625,,,False
Bertrand,bikes_3.csv,0.5,3,a1,3.41204820685572e-06,,,30.276073366856,,,False
Bertrand,bikes_3.csv,0.5,3,a2,0.0,,,114.477346146633,,,False
Bertrand,bikes_3.csv,0.5,3,a3,0.118643045790623,,,1.86924123978001,,,False
Bertrand,bikes_3.csv,0.5,3,b1,0.44399987823007,,,0.75,,,False
Bertrand,bikes_3.csv,0.5,3,b2,0.0,,,1.575,,,False
Bertrand,bikes_3.csv,0.5,4,a1,3.4064701185134e-06,,,30.2760733679079,,,False
Bertrand,bikes_3.csv,0.5,4,a2,0.0,,,114.477346146633,,,False
Bertrand,bikes_3.csv,0.5,4,a3,0.124570780398492,,,1.85935818649163,,,False
Bertrand,bikes_3.csv,0.5,4,b1,0.42640010270647,,,0.7725,,,False
Bertrand,bikes_3.csv,0.5,4,b2,0.0,,,1.5875,,,False
Bertrand,bikes_3.csv,0.5,5,a1,3.40087064361343e-06,,,30.2760733688181,,,False
Bertrand,bikes_3.csv,0.5,5,a2,0.0,,,114.477346146633,,,False
Bertrand,bikes_3.csv,0.5,5,a3,0.130902655372596,,,1.84941819289168,,,False
Bertrand,bikes_3.csv,0.5,5,b1,0.40868882829695,,,0.795,,,False
Bertrand,bikes_3.csv,0.5,5,b2,0.0,,,1.6,,,False
Bertrand,bikes_3.csv,0.5,6,a1,3.39524987246326e-06,,,30.2760733692818,,,False
Bertrand,bikes_3.csv,0.5,6,a2,0.0,,,114.477346146633,,,False
Bertrand,bikes_3.csv,0.5,6,a3,0.137674070323543,,,1.83942113230935,,,False
Bertrand,bikes_3.csv,0.5,6,b1,0.39082436354507,,,0.8175,,,False
Bertrand,bikes_3.csv,0.5,6,b2,0.0,,,1.6125,,,False
Bertrand,bikes_3.csv,0.5,7,a1,3.38960804962893e-06,,,30.2760733712045,,,False
Bertrand,bikes_3.csv,0.5,7,a2,0.0,,,114.477346146633,,,False
Bertrand,bikes_3.csv,0.5,7,a3,0.144924179927949,,,1.82936715393244,,,False
Bertrand,bikes_3.csv,0.5,7,b1,0.372761072101379,,,0.84,,,False
Bertrand,bikes_3.csv,0.5,7,b2,0.0,,,1.625,,,False
Bertrand,bikes_3.csv,0.5,8,a1,3.3839456549841e-06,,,30.2760733061817,,,False
Bertrand,bikes_3.csv,0.5,8,a2,0.0,,,114.477346146633,,,False
Bertrand,bikes_3.csv,0.5,8,a3,0.152696342721154,,,1.81925675782772,,,False
Bertrand,bikes_3.csv,0.5,8,b1,0.354448988276597,,,0.8625,,,False
Bertrand,bikes_3.csv,0.5,8,b2,0.0,,,1.6375,,,False
Bertrand,bikes_3.csv,0.5,9,a1,1.37104267504398e-05,,,30.2745360769828,,,False
Bertrand,bikes_3.csv,0.5,9,a2,0.0,,,114.477346146633,,,False
Bertrand,bikes_3.csv,0.5,9,a3,0.0,,,16.3853213812533,,,False
Bertrand,bikes_3.csv,0.5,9,b1,0.380979885810858,,,0.885,,,False
Bertrand,bikes_3.csv,0.5,9,b2,0.115881773746393,,,1.63572590523108,,,False
Bertrand,bikes_3.csv,0.5,10,a1,3.37256197108547e-06,,,30.2760734112656,,,False
Bertrand,bikes_3.csv,0.5,10,a2,0.0,,,114.477346146633,,,False
Bertrand,bikes_3.csv,0.5,10,a3,0.170004346514394,,,1.79887105950372,,,False
Bertrand,bikes_3.csv,0.5,10,b1,0.316854181230451,,,0.9075,,,False
Bertrand,bikes_3.csv,0.5,10,b2,0.0,,,1.6625,,,False
Collusion,bikes_collusion_1.csv,-0.5,1,a1,0.309558315130919,,,4.61185217047816,,,False
Collusion,bikes_collusion_1.csv,-0.5,1,a2,0.165402636195482,,,1.6662393217089,,,False
Collusion,bikes_collusion_1.csv,-0.5,1,a3,0.0,,,4.45944436881572,,,False
Collusion,bikes_collusion_1.csv,-0.5,1,b1,0.165402636195482,,,1.6662393217089,,,False
Collusion,bikes_collusion_1.csv,-0.5,1,b2,0.0,,,3.282017717805,,,False
Collusion,bikes_collusion_1.csv,-0.5,2,a1,0.309673636604432,,,4.62470963633017,,,False
Collusion,bikes_collusion_1.csv,-0.5,2,a2,0.163798068642859,,,1.68006001525494,,,False
Collusion,bikes_collusion_1.csv,-0.5,2,a3,0.0,,,4.45877407940106,,,False
Collusion,bikes_collusion_1.csv,-0.5,2,b1,0.163798068642859,,,1.68006001525494,,,False
Collusion,bikes_collusion_1.csv,-0.5,2,b2,0.0,,,3.28106621730242,,,False
Collusion,bikes_collusion_1.csv,-0.5,3,a1,0.309789208764476,,,4.63756772696192,,,False
Collusion,bikes_collusion_1.csv,-0.5,3,a2,0.162201360834745,,,1.69388295453614,,,False
Collusion,bikes_collusion_1.csv,-0.5,3,a3,0.0,,,4.45811437243507,,,False
Collusion,bikes_collusion_1.csv,-0.5,3,b1,0.162201360834745,,,1.69388295453614,,,False
Collusion,bikes_collusion_1.csv,-0.5,3,b2,0.0,,,3.28013463732276,,,False
Collusion,bikes_collusion_1.csv,-0.5,4,a1,0.0033608608892925,,,30.2760734209428,,,False
Collusion,bikes_collusion_1.csv,-0.5,4,a2,0.140581810139784,,,4.20958029672854,,,False
Collusion,bikes_collusion_1.csv,-0.5,4,a3,0.0007093268070197,,,17.3680037105285,,,False
Collusion,bikes_collusion_1.csv,-0.5,4,b1,0.140581810139784,,,4.20958029672854,,,False
Collusion,bikes_collusion_1.csv,-0.5,4,b2,0.0,,,14.9904953497673,,,False
Collusion,bikes_collusion_1.csv,-0.5,5,a1,0.274715729723961,,,7.60352753285356,,,False
Collusion,bikes_collusion_1.csv,-0.5,5,a2,0.0,,,4.34320384398997,,,False
Collusion,bikes_collusion_1.csv,-0.5,5,a3,0.0,,,6.04125812241143,,,False
Collusion,bikes_collusion_1.csv,-0.5,5,b1,0.0,,,4.34320384398997,,,False
Collusion,bikes_collusion_1.csv,-0.5,5,b2,0.0,,,5.46635640117153,,,False
Collusion,bikes_collusion_1.csv,-0.5,6,a1,0.274715729723961,,,7.60352753285356,,,False
Collusion,bikes_collusion_1.csv,-0.5,6,a2,0.0,,,4.34320384398997,,,False
Collusion,bikes_collusion_1.csv,-0.5,6,a3,0.0,,,6.04125812241143,,,False
Collusion,bikes_collusion_1.csv,-0.5,6,b1,0.0,,,4.34320384398997,,,False
Collusion,bikes_collusion_1.csv,-0.5,6,b2,0.0,,,5.46635640117153,,,False
Collusion,bikes_collusion_1.csv,-0.5,7,a1,0.0002642725474506,,,30.2760734209425,,,False
Collusion,bikes_collusion_1.csv,-0.5,7,a2,0.165044156360448,,,1.45831797668128,,,False
Collusion,bikes_collusion_1.csv,-0.5,7,a3,0.358540885093394,,,2.7981244140636,,,False
Collusion,bikes_collusion_1.csv,-0.5,7,b1,0.165044156360448,,,1.45831797668128,,,False
Collusion,bikes_collusion_1.csv,-0.5,7,b2,0.0,,,2.78109257155199,,,False
Collusion,bikes_collusion_1.csv,-0.5,8,a1,0.0002637181043148,,,30.2760734209428,,,False
Collusion,bikes_collusion_1.csv,-0.5,8,a2,0.162117589918627,,,1.4611512562277,,,False
Collusion,bikes_collusion_1.csv,-0.5,8,a3,0.363708426576162,,,2.78260459615467,,,False
Collusion,bikes_collusion_1.csv,-0.5,8,b1,0.162117589918627,,,1.4611512562277,,,False
Collusion,bikes_collusion_1.csv,-0.5,8,b2,0.0,,,2.80882036320957,,,False
Collusion,bikes_collusion_1.csv,-0.5,9,a1,0.0002631662886405,,,30.2760729578779,,,False
Collusion,bikes_collusion_1.csv,-0.5,9,a2,0.159142917076587,,,1.46400173128024,,,False
Collusion,bikes_collusion_1.csv,-0.5,9,a3,0.368968697292321,,,2.76711891271048,,,False
Collusion,bikes_collusion_1.csv,-0.5,9,b1,0.159142917076587,,,1.46400173128024,,,False
Collusion,bikes_collusion_1.csv,-0.5,9,b2,0.0,,,2.83628376493704,,,False
Collusion,bikes_collusion_1.csv,-0.5,10,a1,0.0002626171392678,,,30.2760734208254,,,False
Collusion,bikes_collusion_1.csv,-0.5,10,a2,0.156118811245643,,,1.46687235906512,,,False
Collusion,bikes_collusion_1.csv,-0.5,10,a3,0.374323649010448,,,2.75167022430648,,,False
Collusion,bikes_collusion_1.csv,-0.5,10,b1,0.156118811245643,,,1.46687235906512,,,False
Collusion,bikes_collusion_1.csv,-0.5,10,b2,0.0,,,2.86353651275241,,,False
Collusion,bikes_collusion_2.csv,0.0,1,a1,0.0011184706048001,,,26.070443024635,,,False
Collusion,bikes_collusion_2.csv,0.0,1,a2,0.117769517283621,,,2.96564860506663,,,False
Collusion,bikes_collusion_2.csv,0.0,1,a3,0.0,,,15.9296114524551,,,False
Collusion,bikes_collusion_2.csv,0.0,1,b1,0.117769517283621,,,2.96564860506663,,,False
Collusion,bikes_collusion_2.csv,0.0,1,b2,0.0,,,10.9250452156504,,,False
Collusion,bikes_collusion_2.csv,0.0,2,a1,0.0010828106294947,,,26.3252750658436,,,False
Collusion,bikes_collusion_2.csv,0.0,2,a2,0.116259435740994,,,2.99527749210294,,,False
Collusion,bikes_collusion_2.csv,0.0,2,a3,0.0,,,15.9559413871887,,,False
Collusion,bikes_collusion_2.csv,0.0,2,b1,0.116259435740994,,,2.99527749210294,,,False
Collusion,bikes_collusion_2.csv,0.0,2,b2,0.0,,,11.0322545839565,,,False
Collusion,bikes_collusion_2.csv,0.0,3,a1,0.0005553927463177,,,30.2760734209428,,,False
Collusion,bikes_collusion_2.csv,0.0,3,a2,0.114752114258364,,,3.02857130865151,,,False
Collusion,bikes_collusion_2.csv,0.0,3,a3,0.0001699570889195,,,16.6990646979492,,,False
Collusion,bikes_collusion_2.csv,0.0,3,b1,0.114752114258364,,,3.02857130865151,,,False
Collusion,bikes_collusion_2.csv,0.0,3,b2,0.0,,,12.1589748836529,,,False
Collusion,bikes_collusion_2.csv,0.0,4,a1,0.0001116236886967,,,30.2760734209428,,,False
Collusion,bikes_collusion_2.csv,0.0,4,a2,0.159749023595383,,,1.15903963588565,,,False
Collusion,bikes_collusion_2.csv,0.0,4,a3,8.18384849894363e-06,,,9.39858248140217,,,False
Collusion,bikes_collusion_2.csv,0.0,4,b1,0.159749023595383,,,1.15903963588565,,,False
Collusion,bikes_collusion_2.csv,0.0,4,b2,0.268384095517337,,,1.85314694471587,,,False
Collusion,bikes_collusion_2.csv,0.0,5,a1,0.0001118425585333,,,30.2760734209428,,,False
Collusion,bikes_collusion_2.csv,0.0,5,a2,0.156852405975999,,,1.17134905762375,,,False
Collusion,bikes_collusion_2.csv,0.0,5,a3,7.86526813061058e-06,,,9.40898118824075,,,False
Collusion,bikes_collusion_2.csv,0.0,5,b1,0.156852405975999,,,1.17134905762375,,,False
Collusion,bikes_collusion_2.csv,0.0,5,b2,0.270061061138489,,,1.86194083057599,,,False
Collusion,bikes_collusion_2.csv,0.0,6,a1,0.0001120629289675,,,30.2760734209425,,,False
Collusion,bikes_collusion_2.csv,0.0,6,a2,0.153962511493306,,,1.18366844230407,,,False
Collusion,bikes_collusion_2.csv,0.0,6,a3,7.54256487393924e-06,,,9.41942668991112,,,False
Collusion,bikes_collusion_2.csv,0.0,6,b1,0.153962511493306,,,1.18366844230407,,,False
Collusion,bikes_collusion_2.csv,0.0,6,b2,0.271755245166572,,,1.87073764609939,,,False
Collusion,bikes_collusion_2.csv,0.0,7,a1,0.325523507241407,,,2.66216151707835,,,False
Collusion,bikes_collusion_2.csv,0.0,7,a2,0.0,,,1.325,,,False
Collusion,bikes_collusion_2.csv,0.0,7,a3,0.0,,,2.46343977016624,,,False
Collusion,bikes_collusion_2.csv,0.0,7,b1,0.0,,,1.325,,,False
Collusion,bikes_collusion_2.csv,0.0,7,b2,0.24067588669451,,,1.54232926150608,,,False
Collusion,bikes_collusion_2.csv,0.0,8,a1,0.323547219783239,,,2.68159130887087,,,False
Collusion,bikes_collusion_2.csv,0.0,8,a2,0.0,,,1.345,,,False
Collusion,bikes_collusion_2.csv,0.0,8,a3,0.0,,,2.4695487615211,,,False
Collusion,bikes_collusion_2.csv,0.0,8,b1,0.0,,,1.345,,,False
Collusion,bikes_collusion_2.csv,0.0,8,b2,0.239281674310546,,,1.55558951191171,,,False
Collusion,bikes_collusion_2.csv,0.0,9,a1,0.321586438000157,,,2.70102279819374,,,False
Collusion,bikes_collusion_2.csv,0.0,9,a2,0.0,,,1.365,,,False
Collusion,bikes_collusion_2.csv,0.0,9,a3,0.0,,,2.47568846410752,,,False
Collusion,bikes_collusion_2.csv,0.0,9,b1,0.0,,,1.365,,,False
Collusion,bikes_collusion_2.csv,0.0,9,b2,0.237895802395127,,,1.56885077388588,,,False
Collusion,bikes_collusion_2.csv,0.0,10,a1,0.319641023483167,,,2.72045592334774,,,False
Collusion,bikes_collusion_2.csv,0.0,10,a2,0.0,,,1.385,,,False
Collusion,bikes_collusion_2.csv,0.0,10,a3,0.0,,,2.48185939243477,,,False
Collusion,bikes_collusion_2.csv,0.0,10,b1,0.0,,,1.385,,,False
Collusion,bikes_collusion_2.csv,0.0,10,b2,0.236518288192619,,,1.58211301200885,,,False
Collusion,bikes_collusion_3.csv,0.5,1,a1,0.150053225949278,,,4.33276165578703,,,False
Collusion,bikes_collusion_3.csv,0.5,1,a2,0.0,,,3.09546922932665,,,False
Collusion,bikes_collusion_3.csv,0.5,1,a3,0.0,,,4.22750541494095,,,False
Collusion,bikes_collusion_3.csv,0.5,1,b1,0.0,,,3.09546922932665,,,False
Collusion,bikes_collusion_3.csv,0.5,1,b2,0.0,,,3.84423760078102,,,False
Collusion,bikes_collusion_3.csv,0.5,2,a1,0.148696136471424,,,4.35812473322704,,,False
Collusion,bikes_collusion_3.csv,0.5,2,a2,0.0,,,3.09546922932665,,,False
Collusion,bikes_collusion_3.csv,0.5,2,a3,0.0,,,4.22750541494095,,,False
Collusion,bikes_collusion_3.csv,0.5,2,b1,0.0,,,3.09546922932665,,,False
Collusion,bikes_collusion_3.csv,0.5,2,b2,0.0,,,3.84423760078102,,,False
Collusion,bikes_collusion_3.csv,0.5,3,a1,0.147355479297087,,,4.38348020289724,,,False
Collusion,bikes_collusion_3.csv,0.5,3,a2,0.0,,,3.09546922932665,,,False
Collusion,bikes_collusion_3.csv,0.5,3,a3,0.0,,,4.22750541494095,,,False
Collusion,bikes_collusion_3.csv,0.5,3,b1,0.0,,,3.09546922932665,,,False
Collusion,bikes_collusion_3.csv,0.5,3,b2,0.0,,,3.84423760078102,,,False
Collusion,bikes_collusion_3.csv,0.5,4,a1,0.146031005373539,,,4.40882804384824,,,False
Collusion,bikes_collusion_3.csv,0.5,4,a2,0.0,,,3.09546922932665,,,False
Collusion,bikes_collusion_3.csv,0.5,4,a3,0.0,,,4.22750541494095,,,False
Collusion,bikes_collusion_3.csv,0.5,4,b1,0.0,,,3.09546922932665,,,False
Collusion,bikes_collusion_3.csv,0.5,4,b2,0.0,,,3.84423760078102,,,False
Collusion,bikes_collusion_3.csv,0.5,5,a1,0.144722470078352,,,4.43416823707038,,,False
Collusion,bikes_collusion_3.csv,0.5,5,a2,0.0,,,3.09546922932665,,,False
Collusion,bikes_collusion_3.csv,0.5,5,a3,0.0,,,4.22750541494095,,,False
Collusion,bikes_collusion_3.csv,0.5,5,b1,0.0,,,3.09546922932665,,,False
Collusion,bikes_collusion_3.csv,0.5,5,b2,0.0,,,3.84423760078102,,,False
Collusion,bikes_collusion_3.csv,0.5,6,a1,0.143429633133754,,,4.45950076541528,,,False
Collusion,bikes_collusion_3.csv,0.5,6,a2,0.0,,,3.09546922932665,,,False
Collusion,bikes_collusion_3.csv,0.5,6,a3,0.0,,,4.22750541494095,,,False
Collusion,bikes_collusion_3.csv,0.5,6,b1,0.0,,,3.09546922932665,,,False
Collusion,bikes_collusion_3.csv,0.5,6,b2,0.0,,,3.84423760078102,,,False
Collusion,bikes_collusion_3.csv,0.5,7,a1,0.14215225852253,,,4.48482561352042,,,False
Collusion,bikes_collusion_3.csv,0.5,7,a2,0.0,,,3.09546922932665,,,False
Collusion,bikes_collusion_3.csv,0.5,7,a3,0.0,,,4.22750541494095,,,False
Collusion,bikes_collusion_3.csv,0.5,7,b1,0.0,,,3.09546922932665,,,False
Collusion,bikes_collusion_3.csv,0.5,7,b2,0.0,,,3.84423760078102,,,False
Collusion,bikes_collusion_3.csv,0.5,8,a1,0.140890114514897,,,4.51014276552894,,,False
Collusion,bikes_collusion_3.csv,0.5,8,a2,0.0,,,3.09546922932665,,,False
Collusion,bikes_collusion_3.csv,0.5,8,a3,0.0,,,4.22750541494095,,,False
Collusion,bikes_collusion_3.csv,0.5,8,b1,0.0,,,3.09546922932665,,,False
Collusion,bikes_collusion_3.csv,0.5,8,b2,0.0,,,3.84423760078102,,,False
Collusion,bikes_collusion_3.csv,0.5,9,a1,0.139642973099746,,,4.53545221484692,,,False
Collusion,bikes_collusion_3.csv,0.5,9,a2,0.0,,,3.09546922932665,,,False
Collusion,bikes_collusion_3.csv,0.5,9,a3,0.0,,,4.22750541494095,,,False
Collusion,bikes_collusion_3.csv,0.5,9,b1,0.0,,,3.09546922932665,,,False
Collusion,bikes_collusion_3.csv,0.5,9,b2,0.0,,,3.84423760078102,,,False
Collusion,bikes_collusion_3.csv,0.5,10,a1,0.138410610734026,,,4.56075394740796,,,False
Collusion,bikes_collusion_3.csv,0.5,10,a2,0.0,,,3.09546922932665,,,False
Collusion,bikes_collusion_3.csv,0.5,10,a3,0.0,,,4.22750541494095,,,False
Collusion,bikes_collusion_3.csv,0.5,10,b1,0.0,,,3.09546922932665,,,False
Collusion,bikes_collusion_3.csv,0.5,10,b2,0.0,,,3.84423760078102,,,False
