case,mu,j,t,share
separate,-0.5,a1,1,0.23847724385049013
separate,-0.5,a2,1,0.325103209347114
separate,-0.5,a3,1,0.0
separate,-0.5,b1,1,0.325103209347114
separate,-0.5,b2,1,0.0
separate,-0.5,a1,2,0.2391000983313603
separate,-0.5,a2,2,0.0
separate,-0.5,a3,2,0.0
separate,-0.5,b1,2,0.6435110249906455
separate,-0.5,b2,2,0.0
separate,-0.5,a1,3,0.23972510539950953
separate,-0.5,a2,3,0.0
separate,-0.5,a3,3,0.0
separate,-0.5,b1,3,0.636777993301997
separate,-0.5,b2,3,0.0
separate,-0.5,a1,4,0.2403522738168789
separate,-0.5,a2,4,0.0
separate,-0.5,a3,4,0.0
separate,-0.5,b1,4,0.6300137947646751
separate,-0.5,b2,4,0.0
separate,-0.5,a1,5,0.24098161237955268
separate,-0.5,a2,5,0.0
separate,-0.5,a3,5,0.0
separate,-0.5,b1,5,0.6232244419810813
separate,-0.5,b2,5,0.0
separate,-0.5,a1,6,0.24161312991777872
separate,-0.5,a2,6,0.0
separate,-0.5,a3,6,0.0
separate,-0.5,b1,6,0.6164155180585303
separate,-0.5,b2,6,0.0
separate,-0.5,a1,7,0.24224683529598556
separate,-0.5,a2,7,0.0
separate,-0.5,a3,7,0.0
separate,-0.5,b1,7,0.609592204141023
separate,-0.5,b2,7,0.0
separate,-0.5,a1,8,0.2428827374127982
separate,-0.5,a2,8,0.0
separate,-0.5,a3,8,0.0
separate,-0.5,b1,8,0.6027593054279179
separate,-0.5,b2,8,0.0
separate,-0.5,a1,9,0.24352084520105138
separate,-0.5,a2,9,0.0
separate,-0.5,a3,9,0.0
separate,-0.5,b1,9,0.5959212756986356
separate,-0.5,b2,9,0.0
separate,-0.5,a1,10,0.24416116762779722
separate,-0.5,a2,10,0.0
separate,-0.5,a3,10,0.0
separate,-0.5,b1,10,0.5890822403804055
separate,-0.5,b2,10,0.0
separate,0.0,a1,1,0.18175781573998706
separate,0.0,a2,1,0.29117171663058017
separate,0.0,a3,1,0.0
separate,0.0,b1,1,0.29117171663058017
separate,0.0,b2,1,0.0
separate,0.0,a1,2,0.18247340896926723
separate,0.0,a2,2,0.0
separate,0.0,a3,2,0.0
separate,0.0,b1,2,0.5718446823261334
separate,0.0,b2,2,0.0
separate,0.0,a1,3,0.18319278282923895
separate,0.0,a2,3,0.0
separate,0.0,a3,3,0.0
separate,0.0,b1,3,0.5614359949280097
separate,0.0,b2,3,0.0
separate,0.0,a1,4,0.1839159625410159
separate,0.0,a2,4,0.0
separate,0.0,a3,4,0.0
separate,0.0,b1,4,0.5511224424147982
separate,0.0,b2,4,0.0
separate,0.0,a1,5,0.18464297300222787
separate,0.0,a2,5,0.0
separate,0.0,a3,5,0.0
separate,0.0,b1,5,0.5409083267446771
separate,0.0,b2,5,0.0
separate,0.0,a1,6,0.18537383852012407
separate,0.0,a2,6,0.0
separate,0.0,a3,6,0.0
separate,0.0,b1,6,0.5307972641188108
separate,0.0,b2,6,0.0
separate,0.0,a1,7,0.1861085851737565
separate,0.0,a2,7,0.0
separate,0.0,a3,7,0.0
separate,0.0,b1,7,0.5207922570683272
separate,0.0,b2,7,0.0
separate,0.0,a1,8,0.18684723819269583
separate,0.0,a2,8,0.0
separate,0.0,a3,8,0.0
separate,0.0,b1,8,0.5108957635885325
separate,0.0,b2,8,0.0
separate,0.0,a1,9,0.18758982324766688
separate,0.0,a2,9,0.0
separate,0.0,a3,9,0.0
separate,0.0,b1,9,0.5011097552969805
separate,0.0,b2,9,0.0
separate,0.0,a1,10,0.1883363659588873
separate,0.0,a2,10,0.0
separate,0.0,a3,10,0.0
separate,0.0,b1,10,0.4914357710842128
separate,0.0,b2,10,0.0
separate,0.5,a1,1,3.423140453415256e-06
separate,0.5,a2,1,0.23950692628021758
separate,0.5,a3,1,0.10787481812170242
separate,0.5,b1,1,0.23950692628021758
separate,0.5,b2,1,0.0
separate,0.5,a1,2,3.4176049416793786e-06
separate,0.5,a2,2,0.0
separate,0.5,a3,2,0.113087406889373
separate,0.5,b1,2,0.46152622443057884
separate,0.5,b2,2,0.0
separate,0.5,a1,3,3.4120482068557238e-06
separate,0.5,a2,3,0.0
separate,0.5,a3,3,0.11864304579062275
separate,0.5,b1,3,0.44399987823006953
separate,0.5,b2,3,0.0
separate,0.5,a1,4,3.4064701185134033e-06
separate,0.5,a2,4,0.0
separate,0.5,a3,4,0.12457078039849181
separate,0.5,b1,4,0.4264001027064699
separate,0.5,b2,4,0.0
separate,0.5,a1,5,3.40087064361343e-06
separate,0.5,a2,5,0.0
separate,0.5,a3,5,0.1309026553725958
separate,0.5,b1,5,0.4086888282969499
separate,0.5,b2,5,0.0
separate,0.5,a1,6,3.39524987246326e-06
separate,0.5,a2,6,0.0
separate,0.5,a3,6,0.13767407032354267
separate,0.5,b1,6,0.39082436354506983
separate,0.5,b2,6,0.0
separate,0.5,a1,7,3.389608049628933e-06
separate,0.5,a2,7,0.0
separate,0.5,a3,7,0.1449241799279491
separate,0.5,b1,7,0.3727610721013791
separate,0.5,b2,7,0.0
separate,0.5,a1,8,3.383945654984097e-06
separate,0.5,a2,8,0.0
separate,0.5,a3,8,0.15269634272115448
separate,0.5,b1,8,0.35444898827659727
separate,0.5,b2,8,0.0
separate,0.5,a1,9,1.3710426750439768e-05
separate,0.5,a2,9,0.0
separate,0.5,a3,9,0.0
separate,0.5,b1,9,0.3809798858108577
separate,0.5,b2,9,0.11588177374639294
separate,0.5,a1,10,3.3725619710854723e-06
separate,0.5,a2,10,0.0
separate,0.5,a3,10,0.17000434651439367
separate,0.5,b1,10,0.316854181230451
separate,0.5,b2,10,0.0
collusive,-0.5,a1,1,0.3095583151309186
collusive,-0.5,a2,1,0.16540263619548168
collusive,-0.5,a3,1,0.0
collusive,-0.5,b1,1,0.16540263619548168
collusive,-0.5,b2,1,0.0
collusive,-0.5,a1,2,0.30967363660443203
collusive,-0.5,a2,2,0.16379806864285884
collusive,-0.5,a3,2,0.0
collusive,-0.5,b1,2,0.16379806864285884
collusive,-0.5,b2,2,0.0
collusive,-0.5,a1,3,0.30978920876447585
collusive,-0.5,a2,3,0.16220136083474476
collusive,-0.5,a3,3,0.0
collusive,-0.5,b1,3,0.16220136083474476
collusive,-0.5,b2,3,0.0
collusive,-0.5,a1,4,0.003360860889292517
collusive,-0.5,a2,4,0.14058181013978402
collusive,-0.5,a3,4,0.0007093268070197116
collusive,-0.5,b1,4,0.14058181013978402
collusive,-0.5,b2,4,0.0
collusive,-0.5,a1,5,0.27471572972396086
collusive,-0.5,a2,5,0.0
collusive,-0.5,a3,5,0.0
collusive,-0.5,b1,5,0.0
collusive,-0.5,b2,5,0.0
collusive,-0.5,a1,6,0.27471572972396086
collusive,-0.5,a2,6,0.0
collusive,-0.5,a3,6,0.0
collusive,-0.5,b1,6,0.0
collusive,-0.5,b2,6,0.0
collusive,-0.5,a1,7,0.00026427254745064647
collusive,-0.5,a2,7,0.1650441563604481
collusive,-0.5,a3,7,0.358540885093394
collusive,-0.5,b1,7,0.1650441563604481
collusive,-0.5,b2,7,0.0
collusive,-0.5,a1,8,0.00026371810431487144
collusive,-0.5,a2,8,0.1621175899186269
collusive,-0.5,a3,8,0.3637084265761625
collusive,-0.5,b1,8,0.1621175899186269
collusive,-0.5,b2,8,0.0
collusive,-0.5,a1,9,0.00026316628864057206
collusive,-0.5,a2,9,0.15914291707658682
collusive,-0.5,a3,9,0.36896869729232107
collusive,-0.5,b1,9,0.15914291707658682
collusive,-0.5,b2,9,0.0
collusive,-0.5,a1,10,0.00026261713926786827
collusive,-0.5,a2,10,0.15611881124564253
collusive,-0.5,a3,10,0.3743236490104481
collusive,-0.5,b1,10,0.15611881124564253
collusive,-0.5,b2,10,0.0
collusive,0.0,a1,1,0.0011184706048001595
collusive,0.0,a2,1,0.11776951728362074
collusive,0.0,a3,1,0.0
collusive,0.0,b1,1,0.11776951728362074
collusive,0.0,b2,1,0.0
collusive,0.0,a1,2,0.0010828106294947146
collusive,0.0,a2,2,0.11625943574099376
collusive,0.0,a3,2,0.0
collusive,0.0,b1,2,0.11625943574099376
collusive,0.0,b2,2,0.0
collusive,0.0,a1,3,0.0005553927463177948
collusive,0.0,a2,3,0.11475211425836426
collusive,0.0,a3,3,0.00016995708891955812
collusive,0.0,b1,3,0.11475211425836426
collusive,0.0,b2,3,0.0
collusive,0.0,a1,4,0.00011162368869678635
collusive,0.0,a2,4,0.15974902359538332
collusive,0.0,a3,4,8.183848498943632e-06
collusive,0.0,b1,4,0.15974902359538332
collusive,0.0,b2,4,0.26838409551733744
collusive,0.0,a1,5,0.00011184255853336176
collusive,0.0,a2,5,0.15685240597599875
collusive,0.0,a3,5,7.865268130610576e-06
collusive,0.0,b1,5,0.15685240597599875
collusive,0.0,b2,5,0.27006106113848855
collusive,0.0,a1,6,0.0001120629289675187
collusive,0.0,a2,6,0.1539625114933056
collusive,0.0,a3,6,7.54256487393924e-06
collusive,0.0,b1,6,0.1539625114933056
collusive,0.0,b2,6,0.27175524516657185
collusive,0.0,a1,7,0.3255235072414069
collusive,0.0,a2,7,0.0
collusive,0.0,a3,7,0.0
collusive,0.0,b1,7,0.0
collusive,0.0,b2,7,0.24067588669451045
collusive,0.0,a1,8,0.32354721978323897
collusive,0.0,a2,8,0.0
collusive,0.0,a3,8,0.0
collusive,0.0,b1,8,0.0
collusive,0.0,b2,8,0.23928167431054626
collusive,0.0,a1,9,0.32158643800015746
collusive,0.0,a2,9,0.0
collusive,0.0,a3,9,0.0
collusive,0.0,b1,9,0.0
collusive,0.0,b2,9,0.23789580239512725
collusive,0.0,a1,10,0.3196410234831666
collusive,0.0,a2,10,0.0
collusive,0.0,a3,10,0.0
collusive,0.0,b1,10,0.0
collusive,0.0,b2,10,0.23651828819261866
collusive,0.5,a1,1,0.15005322594927806
collusive,0.5,a2,1,0.0
collusive,0.5,a3,1,0.0
collusive,0.5,b1,1,0.0
collusive,0.5,b2,1,0.0
collusive,0.5,a1,2,0.14869613647142355
collusive,0.5,a2,2,0.0
collusive,0.5,a3,2,0.0
collusive,0.5,b1,2,0.0
collusive,0.5,b2,2,0.0
collusive,0.5,a1,3,0.1473554792970873
collusive,0.5,a2,3,0.0
collusive,0.5,a3,3,0.0
collusive,0.5,b1,3,0.0
collusive,0.5,b2,3,0.0
collusive,0.5,a1,4,0.14603100537353852
collusive,0.5,a2,4,0.0
collusive,0.5,a3,4,0.0
collusive,0.5,b1,4,0.0
collusive,0.5,b2,4,0.0
collusive,0.5,a1,5,0.14472247007835165
collusive,0.5,a2,5,0.0
collusive,0.5,a3,5,0.0
collusive,0.5,b1,5,0.0
collusive,0.5,b2,5,0.0
collusive,0.5,a1,6,0.14342963313375434
collusive,0.5,a2,6,0.0
collusive,0.5,a3,6,0.0
collusive,0.5,b1,6,0.0
collusive,0.5,b2,6,0.0
collusive,0.5,a1,7,0.14215225852252972
collusive,0.5,a2,7,0.0
collusive,0.5,a3,7,0.0
collusive,0.5,b1,7,0.0
collusive,0.5,b2,7,0.0
collusive,0.5,a1,8,0.14089011451489664
collusive,0.5,a2,8,0.0
collusive,0.5,a3,8,0.0
collusive,0.5,b1,8,0.0
collusive,0.5,b2,8,0.0
collusive,0.5,a1,9,0.1396429730997465
collusive,0.5,a2,9,0.0
collusive,0.5,a3,9,0.0
collusive,0.5,b1,9,0.0
collusive,0.5,b2,9,0.0
collusive,0.5,a1,10,0.1384106107340261
collusive,0.5,a2,10,0.0
collusive,0.5,a3,10,0.0
collusive,0.5,b1,10,0.0
collusive,0.5,b2,10,0.0
