j,t,qjt,pjt,wj,gj,ct
a1,1,0.11148951923520108,6.355892348538436,0.3,4.8,0.6
a2,1,0.3208692983015815,2.4462998485565035,0.1,1.9,0.6
a3,1,0.09176401293508624,5.422430928630261,1.0,4.0,0.6
b1,1,0.32675062693000706,2.432422292042416,0.3,2.0,0.6
b2,1,0.14912654259812438,3.9187657196799206,0.5,3.25,0.6
a1,2,0.11115944862917963,6.375244157221195,0.3,4.8,0.7
a2,2,0.31949164356617427,2.466945811575372,0.1,1.9,0.7
a3,2,0.09330286432200473,5.389852237229326,1.0,4.0,0.7
b1,2,0.3261739359512462,2.4511469811681157,0.3,2.0,0.7
b2,2,0.1498721075313953,3.922861783580859,0.5,3.25,0.7
a1,3,0.11081968964763783,6.394769298601239,0.3,4.8,0.8
a2,3,0.3180811429795917,2.487669413916898,0.1,1.9,0.8
a3,3,0.09489462380916726,5.3568799425661116,1.0,4.0,0.8
b1,3,0.325575655107571,2.469913530297053,0.3,2.0,0.8
b2,3,0.15062888845603228,3.9268373034012836,0.5,3.25,0.8
a1,4,0.11046989395723138,6.414474307917383,0.3,4.8,0.9
a2,4,0.3166357301255097,2.5084747357947177,0.1,1.9,0.9
a3,4,0.09654235970058303,5.3234960176641675,1.0,4.0,0.9
b1,4,0.32495471391258324,2.4887228452081054,0.3,2.0,0.9
b2,4,0.15139730230409282,3.930685455674151,0.5,3.25,0.9
a1,5,0.11010975063567426,6.434364649963206,0.3,4.8,1.0
a2,5,0.31515314680696555,2.5293665144002175,0.1,1.9,1.0
a3,5,0.09824936443268145,5.289682294803614,1.0,4.0,1.0
b1,5,0.32430995947839464,2.5075761289810448,0.3,2.0,1.0
b2,5,0.15217777864628426,3.9343992794360316,0.5,3.25,1.0
a1,6,0.10973886551790517,6.454448081067381,0.3,4.8,1.1
a2,6,0.3136309412571209,2.55034997412227,0.1,1.9,1.1
a3,6,0.1000192570807227,5.255418327656746,1.0,4.0,1.1
b1,6,0.32364011200829,2.5264747972130697,0.3,2.0,1.1
b2,6,0.1529708241359613,3.9379707590500264,0.5,3.25,1.1
a1,7,0.10935692155320859,6.474729598235125,0.3,4.8,1.2
a2,7,0.31206631660346407,2.571431408353546,0.1,1.9,1.2
a3,7,0.1018559989349441,5.220681489981805,1.0,4.0,1.2
b1,7,0.3229437612203541,2.54542068502839,0.3,2.0,1.2
b2,7,0.15377700168802935,3.941390948215547,0.5,3.25,1.2
a1,8,0.10896349327759662,6.495217585997335,0.3,4.8,1.3
a2,8,0.31045629220491094,2.5926176002443837,0.1,1.9,1.3
a3,8,0.10376391060283227,5.185448111272009,1.0,4.0,1.3
b1,8,0.3222193758353528,2.56441581081458,0.3,2.0,1.3
b2,8,0.15459692807930753,3.944650336334684,0.5,3.25,1.3
a1,9,0.10855817601532183,6.515919298490977,0.3,4.8,1.4
a2,9,0.3087974647839471,2.613916785200237,0.1,1.9,1.4
a3,9,0.10574782974368535,5.149690112206255,1.0,4.0,1.4
b1,9,0.3214652336054399,2.5834629004202427,0.3,2.0,1.4
b2,9,0.15543129585160592,3.9477383418163123,0.5,3.25,1.4
a1,10,0.10814054311366182,6.536842421751313,0.3,4.8,1.5
a2,10,0.30708606074758515,2.6353383148301344,0.1,1.9,1.5
a3,10,0.10781306848741935,5.11337757884725,1.0,4.0,1.5
b1,10,0.3206794321008335,2.6025651170257404,0.3,2.0,1.5
b2,10,0.15628089555050032,3.9506431344797317,0.5,3.25,1.5
