t,w,L,u,p
1,0.7577697,1.6030624,2.1112728,1.0816511
2,0.5873291,1.0658666,0.93675506,1.004984
3,0.73012674,1.4356534,1.3510344,1.2463387
4,0.66503924,1.2546,1.1880811,1.2982861
5,0.574683,1.0984093,1.0753132,1.2477916
6,0.44588986,1.0017502,1.8092898,0.7399533
7,0.5437465,1.0921372,0.9877152,0.9482279
8,0.46930665,1.0657588,1.2155752,0.9564805
9,0.54689145,1.0211506,0.84006095,0.99252284
10,0.52763385,1.1487522,2.461947,0.74888504
11,0.5350305,1.2206358,1.9789163,1.0768594
12,0.5761614,1.011398,0.6478611,1.0467769
13,0.41941035,0.86275476,1.4947169,0.908206
14,0.82627714,1.382651,1.7249875,1.084662
15,0.50974774,0.93406594,1.0616802,0.7902844
16,0.64948666,1.3147296,0.8965987,0.816148
17,0.43653494,0.82008696,0.6295047,0.89152664
18,0.46180674,0.9020196,0.8759469,0.72259665
19,0.57592356,0.97700447,0.64667666,1.1617873
20,0.46688285,1.0362458,0.8374424,0.8657128
21,0.6417905,1.1608778,0.6978681,1.0847187
22,0.5367711,1.0429556,1.2288691,0.8802074
23,0.4825935,0.791366,0.77052104,1.1368977
24,0.5865057,1.1683383,1.5478959,0.8668665
25,0.6363946,1.1185371,0.7968968,0.90544623
26,0.49934694,1.0764954,1.6478207,1.0401163
27,0.390647,0.8640652,1.9488072,0.8364613
28,0.7627843,1.2272117,0.76616913,1.2391058
29,0.5918726,1.3613379,3.1462889,1.0146416
30,0.62796116,1.4971986,1.2926391,1.4756584
31,0.54589635,0.9952526,0.78039086,0.8906401
32,0.60934997,1.2017694,0.9965225,1.0191085
33,0.6081314,1.1776458,1.1539787,0.9065862
34,0.5142971,1.0078768,0.9210007,0.78985244
35,0.73725605,1.2845654,0.8969918,1.1316626
36,0.57255816,1.0295472,1.2321632,0.8825104
37,0.9643951,1.6772418,1.0075111,1.176546
38,0.4807505,0.9475313,1.1539,0.83283526
39,0.60878354,0.84465265,0.28565198,1.206743
40,0.5023502,1.1554993,1.9987855,1.2615213
41,0.5060583,1.0917549,2.285642,1.0792675
42,0.58522075,0.8895228,0.80632,1.1581641
43,0.8336828,1.4417056,1.4395463,1.4734991
44,0.49285746,1.2401226,3.2180572,0.70261294
45,0.73139024,1.5388833,0.89759517,1.027177
46,0.56654495,1.0441382,0.6445152,0.85009
47,0.6368037,1.1494081,1.3198104,1.0099975
48,0.46790978,0.89883375,2.0704663,0.85931337
49,0.64528954,1.0348877,0.3816508,1.102757
50,0.56568974,1.4280003,1.6098757,1.0090833
51,0.6696786,1.1969669,1.5728049,0.90345293
52,0.4978582,0.95168245,0.8322221,1.1193818
53,0.40341312,0.7169739,0.4264829,0.8811387
54,0.735173,1.0839204,0.3217711,0.9389291
55,0.52501494,1.0487256,0.67367333,0.929843
56,0.5272471,0.75717574,0.5027903,0.78429306
57,0.2874477,0.5800552,0.9946445,0.7201563
58,0.7825109,1.2965795,1.0288625,1.0844226
59,0.575961,1.1542969,1.8055563,0.9555064
60,0.56123585,0.96789074,0.75007385,0.84884775
61,0.6399503,1.4370513,1.2444309,1.237681
62,0.45535406,0.9827001,1.1283993,0.7247834
63,0.5271749,1.0198894,1.017398,0.83884674
64,0.6056528,1.0769598,1.2760651,1.0851709
65,0.5172404,0.8548235,1.0191079,0.6973956
66,0.45103717,0.91080403,0.8332543,0.8546144
67,0.81499815,1.1165023,0.40654603,1.1649681
68,0.7599532,1.2472824,1.2571509,1.245933
69,0.48949504,1.0593393,2.0100274,0.9288734
70,0.62560266,1.2168548,2.24333,0.9461011
71,0.6267432,0.95951164,0.53624374,1.2226887
72,0.69561744,1.3644729,1.253483,1.1065042
73,0.4726281,0.8913101,1.9486774,0.9520917
74,0.49111956,0.7170147,0.4761576,0.8184473
75,0.5845558,1.0959655,1.6824898,1.0075334
76,0.38549143,0.8362485,0.97625566,0.66357803
77,0.49675336,1.1473325,3.119815,1.127677
78,0.54304975,0.9638728,1.578186,0.87741613
79,0.68167216,1.1316605,0.76661384,1.0373354
80,0.72219586,1.2897621,1.5680591,1.498368
81,0.7361634,1.0347654,0.66122556,0.7893193
82,0.6078083,1.0794421,0.9777451,1.1633528
83,0.54746103,1.072462,0.9119271,0.895887
84,0.47668678,0.89933175,0.7033329,0.9710606
85,0.5160087,0.8622065,0.60151017,0.9696601
86,0.5604596,1.1779342,1.7697655,1.0329763
87,0.59814173,0.9192002,1.7964034,0.8466854
88,0.61468524,1.314104,1.5358613,1.1277193
89,0.5989834,1.0411117,1.4394569,0.8782216
90,0.5183807,0.98124814,0.80398107,0.8712569
91,0.5854085,1.0230359,0.97589046,0.89443815
92,0.52948594,0.90593225,0.6158077,0.87882054
93,0.7306422,1.3473634,0.8211305,1.063984
94,0.70976156,1.3496116,0.79611754,1.1280645
95,0.40154088,0.93341416,0.8567661,0.76629823
96,0.45223865,0.9434019,2.3725333,0.9929508
97,0.52651876,0.90301454,1.1002557,1.0200907
98,0.53908485,0.8628256,0.9035604,0.93306196
99,0.55962634,1.1448951,1.9338305,1.0004916
100,0.682125,1.2611809,1.2848196,1.0497016
101,0.8985868,1.5993313,1.2107043,1.2993379
102,0.49914208,0.98550594,1.9625485,1.0007377
103,0.44495183,0.8591839,0.5823865,0.9053827
104,0.5391207,0.9918919,0.764674,1.0548335
105,0.6129971,0.9588813,0.8570301,0.7974286
106,0.6487546,1.1267133,1.0180271,1.0822635
107,0.5537792,0.97461843,1.1351857,0.97438246
108,0.551926,1.0380462,1.0273274,0.69156134
109,0.63231254,1.1535813,0.78752244,1.0365301
110,0.79234874,1.3353164,0.9873347,0.9778465
111,0.653911,1.0205384,0.4942397,1.0198759
112,0.67011285,1.4598656,1.5859406,1.009745
113,0.866711,1.5349259,1.9838978,1.2029446
114,0.55467653,0.9794304,0.62538326,0.9862703
115,0.47727975,0.9164996,0.642735,0.90504384
116,0.57191896,1.1354113,2.253223,1.1284573
117,0.47267342,0.90129346,1.1832837,0.8519933
118,0.5778576,1.3071446,1.592355,1.217
119,0.6275162,1.2297204,0.9793062,0.8404369
120,0.41914904,0.7790677,1.8296087,0.6826565
121,0.6062896,1.0878068,1.2313187,1.0142555
122,0.7420453,1.630121,2.4403515,1.2002716
123,0.6420001,1.5326941,2.4476428,0.982175
124,0.64690363,1.3255763,1.1129493,1.155771
125,0.68280375,1.2383174,0.7000016,0.89640707
126,0.8504389,1.3469943,1.3391447,1.0754163
127,0.4480938,0.93592906,1.2654803,0.8094106
128,0.5847348,1.1618178,0.7849931,1.1046553
129,0.5979078,1.0656179,0.7603664,1.025155
130,0.5897396,0.91528404,0.49934328,1.0800453
131,0.66563433,0.98879755,0.43468252,1.3246751
132,0.6097222,1.0542406,0.5680699,1.0991544
133,0.5181026,1.0652298,1.7343242,0.8740429
134,0.7513559,1.2358322,0.55112714,1.1286303
135,0.43323845,0.7678994,1.3853849,1.0618538
136,0.59467036,0.99839693,0.53045315,1.1091888
137,0.5233723,0.97074664,0.63048375,0.9131075
138,0.8375852,1.4327344,0.9428289,0.9991513
139,1.108572,1.9125162,0.75797975,1.2511797
140,0.6458009,1.0976042,1.1144849,1.0781227
141,0.746398,1.4350817,1.4614942,1.0637473
142,0.60166,1.1187261,1.214753,0.858603
143,0.5771192,1.2080504,2.0647244,0.7695788
144,0.6707082,1.3179522,0.743781,0.9919808
145,0.5005182,0.9247496,1.222601,0.9554417
146,0.6892538,1.33415,0.9579523,1.1117375
147,0.7634529,1.0433319,0.46532536,0.8837925
148,0.42396387,0.91241205,2.0510755,0.65586156
149,0.50002193,0.9643431,0.9119128,0.94088846
150,0.97999436,1.825085,1.2649171,1.2746897
151,0.46662053,0.8610462,0.6015578,0.8652327
152,0.49291614,0.9749456,1.4427879,0.90700495
153,0.6278504,1.1990997,0.9111572,1.0372459
154,0.39623943,0.94096076,1.9305806,0.9965424
155,0.4246244,0.9420305,1.5852058,0.85958326
156,0.6919721,1.2047075,0.8364247,0.9938444
157,0.4993969,1.0411243,1.3638079,1.2924535
158,0.6268326,1.268717,0.8014338,1.0712086
159,0.7260001,1.6301435,1.5097604,1.2563969
160,0.8053314,0.9660858,0.39326924,1.2507666
161,0.48727158,0.8493834,0.4728987,0.88098943
162,0.44699115,0.78974056,1.5419585,1.0357237
163,0.60209787,0.9469126,1.5787299,0.9373815
164,0.42212993,0.85852456,0.6877289,0.7290981
165,0.64733243,0.7820439,0.35956904,1.0865954
166,0.52224004,1.0409015,0.99889386,0.97031623
167,0.61363864,1.0038162,1.5114878,0.9384823
168,0.48391348,0.89069456,1.6804857,0.65859216
169,0.62105924,1.0752188,0.768749,1.2103808
170,0.50202346,1.0149709,2.4921098,0.91486037
171,0.51532364,0.98561215,0.74559116,0.8978311
172,0.493204,0.86216223,0.8568598,0.7467567
173,0.50998163,1.0886936,1.3061377,0.903624
174,0.58843446,1.3478097,2.5148554,0.99669516
175,0.4711044,0.8396751,0.5112612,0.8226568
176,0.7184653,1.347436,1.1756457,1.0516107
177,0.5789654,1.2184641,1.5223473,1.3651175
178,0.5633977,0.9049264,0.9232807,1.1524216
179,0.74636793,1.011305,0.47863755,1.2006122
180,0.6778058,1.1847496,0.5921794,1.177999
181,0.4233405,0.76043385,0.92875046,0.97283363
182,0.57491404,1.2137207,1.6875498,0.9928936
183,0.44732454,1.038518,1.1573658,1.0781444
184,0.4652155,0.85758996,0.9576165,0.7786985
185,0.7940562,1.3228356,1.0820022,1.6357265
186,0.5434212,0.98384714,0.8248487,0.87140286
187,0.73274094,1.0991648,0.8225609,0.91740406
188,0.51787657,0.9215017,1.2433689,1.0533842
189,0.5300106,0.9401702,0.9705237,0.88055456
190,0.70277274,0.9772909,0.56492245,0.8677807
191,0.5591799,0.88581896,0.56764495,0.97113585
192,0.83936703,1.4520035,0.5379994,1.4117111
193,0.7978733,1.6848737,1.6294658,1.2332065
194,0.6663316,1.0611321,0.6260414,1.0501344
195,0.5720185,0.91504365,1.0988803,0.9718691
196,0.3789544,0.8324036,0.5932707,0.704902
197,0.53859496,1.4486907,3.117554,1.128288
198,0.6112706,1.037407,0.8221581,1.1693937
199,0.604911,1.2651502,3.5930471,0.7314929
200,0.7813287,1.2461342,0.5070317,0.9354981
201,0.7240852,1.4537709,1.3960938,1.4220723
202,0.5668557,0.9100824,1.5028112,0.85694313
203,0.49705708,0.8838857,1.3095782,0.9840327
204,0.51526713,1.0599415,0.90558606,0.8649087
205,0.68516165,1.4866635,2.1076703,1.1275461
206,0.46977794,1.0441595,0.7818953,0.92731684
207,0.7922344,1.5506837,1.5971518,0.9910136
208,0.6547024,1.3465827,1.8694446,1.2736652
209,0.7816626,1.3227203,0.54456085,1.0394636
210,0.7609776,1.356491,0.83001924,1.3181058
211,0.64345247,1.0586884,0.7948413,1.2530029
212,0.6580645,1.395992,1.2068521,1.0363615
213,0.713826,1.2202604,1.9398532,1.0577661
214,0.5238138,0.89116913,0.89192617,0.9302706
215,0.5593454,1.0462805,0.7556425,1.0956767
216,0.44171757,0.9084696,1.3018025,0.8587512
217,0.7968961,1.5487595,2.1701717,1.1210303
218,0.36277795,0.764321,2.4309592,0.7393626
219,0.42441672,0.8176147,0.9672543,0.98415315
220,0.6748376,1.2813524,0.59364974,1.1199114
221,0.49362242,0.8085031,0.6881102,0.80689293
222,0.785406,1.1968548,0.4817197,1.1538038
223,0.5818282,1.1244918,0.86244607,1.0536089
224,0.6911202,1.2091558,0.82289356,1.1912225
225,0.6395041,1.2515776,1.4300247,1.0272714
226,0.4927617,1.067812,1.1294749,0.7768304
227,0.4670629,0.98519766,1.282774,0.8695195
228,0.48072326,1.0736293,1.0964432,0.69199264
229,0.6104255,1.1614954,1.4167538,1.2307582
230,0.31283897,0.7216268,0.781089,0.7894807
231,0.5727081,0.9708374,0.68401766,0.86376226
232,0.49150768,0.7157855,0.4102448,1.030163
233,0.84722245,1.3102248,0.36707196,1.5265061
234,0.563494,1.2233261,1.0583293,1.2187293
235,0.74096185,1.1117427,1.0031838,1.2503536
236,0.8857842,1.1479791,0.30358174,1.1015408
237,0.5343485,0.957561,1.0235263,1.0639582
238,0.57807374,1.1119286,1.4157609,1.1112498
239,0.745016,1.5981116,1.434402,1.2104434
240,0.4755932,1.0516305,2.0360668,0.9397595
241,0.7395469,1.3709978,0.70983684,1.1699984
242,0.70126367,1.0123309,0.93040365,1.0689808
243,0.6306572,1.3328497,0.9216648,1.0686816
244,0.48395082,0.8864632,0.4363551,0.87528783
245,0.41310933,0.735036,0.8101028,0.76176167
246,0.6350175,0.89610076,0.809795,0.9463875
247,0.6058489,1.0869275,1.2551826,0.71179485
248,0.51110685,1.0196239,0.69731873,1.0977916
249,0.68529433,1.2681623,1.0219327,1.4496891
250,0.4720751,0.97570485,0.78877664,0.7624689
251,0.51037043,0.96158236,1.3809091,0.96480155
252,0.9478711,1.6333311,1.4188662,1.464488
253,0.755069,1.475594,1.0320677,1.0766269
254,0.43723035,0.95718664,1.4693408,0.8230014
255,0.52255005,1.3045284,1.8965836,1.0882568
256,0.69494474,0.96335995,0.8963001,1.1520907
257,0.73291886,1.1627086,1.0593873,1.109117
258,0.5648004,1.0409548,0.7472217,0.93822634
259,0.6370826,0.9331582,0.60462356,0.8310796
260,0.56722665,1.0738838,1.5020413,0.8516697
261,0.50886244,0.970276,2.4302397,0.85382795
262,0.671437,1.130959,0.45480514,1.1482158
263,0.8370706,1.4458096,1.2449974,1.4174268
264,0.5405645,1.0952866,1.0352439,0.94347215
265,0.6799464,1.2952092,1.3102095,1.2705066
266,0.4429635,0.80710876,1.6697166,0.9439785
267,0.62091255,1.207363,1.9556178,0.9937999
268,0.6262988,1.1876023,1.8233461,1.0169674
269,0.48325175,1.0133506,1.2667106,1.0181859
270,0.7337892,1.0118876,0.5748784,1.0082836
271,0.8183955,1.271134,0.8087846,1.483309
272,0.5776401,1.1478888,1.3187989,0.99855155
273,0.42862326,1.0162619,1.3865514,0.80288696
274,0.7364091,1.3003647,0.8128816,1.0983393
275,0.4024952,0.93922126,2.0581431,1.0707358
276,0.48976892,0.9029771,3.9851341,1.2007225
277,0.41982305,0.8644519,1.4993688,0.88922554
278,0.51260436,0.8568349,0.68373424,1.1168494
279,0.5538186,0.92097914,0.6436123,1.1321647
280,0.56963456,1.3214504,1.9203514,1.044569
281,0.6695496,0.87527096,0.40254444,0.85617757
282,0.6738485,1.3352627,2.2722933,1.0582609
283,0.6663708,1.3566422,0.7697366,0.885726
284,0.5699062,1.1811148,0.7787662,0.95460534
285,0.3837576,0.75058657,0.9866712,0.65167654
286,0.5651114,0.9380982,1.0073946,1.1165756
287,0.6359605,0.9970179,0.9972595,1.0370175
288,0.57752603,1.1426423,0.894887,1.0176649
289,0.4627698,0.83395946,0.60429,0.90961385
290,0.5725239,1.1050159,2.2333562,1.0671232
291,0.6465855,1.1540233,0.656713,0.91544807
292,0.71082246,1.0793977,0.5553548,1.2383429
293,0.55302745,0.9537501,0.8556244,0.98492026
294,0.7315,1.185526,1.1999631,0.9603791
295,0.7472859,1.2533467,1.5891936,1.1431516
296,0.3952334,0.9145368,1.1587486,0.9400717
297,0.5517609,1.0133306,0.8844531,0.8999656
298,0.63893276,1.092223,0.69011915,0.9534971
299,0.44612932,0.9367826,1.4684701,0.67996854
300,0.47422305,0.8041064,0.7275585,0.8472415
301,0.62280226,1.2165534,0.6596499,1.0977817
302,0.81715554,1.2229285,0.7792567,1.5557299
303,0.6107119,1.0373328,1.1347282,0.8376266
304,0.46474928,0.75446576,0.924396,0.8068926
305,0.691331,1.0852607,0.8606399,1.1688608
306,0.7139187,1.1282057,0.75533533,0.9813792
307,0.5850791,1.0699605,1.8309187,1.1617539
308,0.6390542,1.1295695,1.3069158,0.9674331
309,0.67498845,1.2374024,0.75054383,1.1434664
310,0.67814946,1.3197083,1.4456482,1.0776981
311,0.597476,1.0395082,0.85437083,0.851202
312,0.7381599,1.3148694,0.55999243,0.8878613
313,0.5555956,0.9770328,0.49376598,0.84450054
314,0.48461422,1.1014408,2.8847456,1.0883906
315,0.857442,1.4201927,1.3447465,1.3285532
316,0.7506461,0.95841044,0.40106317,1.1340623
317,0.5357072,1.2203025,1.1216801,1.0216082
318,0.5523328,1.1696684,5.1885715,1.2036015
319,0.6218933,1.0434531,0.59360135,1.0453521
320,0.5515115,0.9075787,1.5251904,1.3917015
321,1.0559889,1.3517004,0.54994285,1.5892912
322,0.35710412,0.84386563,1.8581309,0.7426081
323,0.7039689,0.9161374,0.49529082,0.8207818
324,0.5614032,0.858706,0.92292184,0.8831395
325,0.494567,0.9123598,1.3038942,0.93135726
326,0.4029789,0.7852279,0.3257,0.74843323
327,0.5438074,1.1779904,1.6605577,0.91271275
328,0.59685004,1.1832808,1.0222162,1.081668
329,0.7071713,1.096866,0.8911115,1.031328
330,0.459034,0.8334672,1.3054948,0.9401212
331,0.4572509,1.2023044,1.7693555,0.9172238
332,0.5253844,1.129006,2.4627702,1.1722935
333,0.5958051,1.2626452,2.372147,0.83789194
334,0.5855132,1.1010907,1.2487864,1.1220336
335,0.6320269,1.1126868,0.84187675,0.8162557
336,0.5912896,0.7875233,0.27094012,1.0139663
337,0.5188602,1.0889077,0.8149391,1.1067634
338,0.716755,1.2492597,0.7769867,1.3636285
339,0.63202566,1.2640934,0.6239127,1.2194753
340,0.30738991,0.8401352,0.9487632,0.7770448
341,0.5037956,0.96813357,1.3697877,0.8525363
342,0.5474938,0.99078554,0.7646022,1.1252258
343,0.64358044,1.2736192,1.1048756,1.2875645
344,0.5306741,1.0786054,0.53957915,0.7227818
345,0.53968614,1.0270834,1.6048366,0.9854892
346,0.714663,1.1819115,0.9525351,1.3775929
347,0.5941895,1.1259861,1.8388062,0.9149577
348,0.70152247,1.408456,1.4255489,1.3172232
349,0.5252259,0.8864596,0.73619163,0.92573965
350,0.59659624,0.9321312,0.7348299,0.9894719
351,0.6235127,1.3439381,1.9609922,1.0384613
352,0.55450064,1.004828,0.39463127,0.79208875
353,0.41818255,0.9109532,0.8508138,0.7738669
354,0.6688551,1.0744051,0.7622919,1.187677
355,0.5209551,0.96602356,1.039224,1.0456413
356,0.87707126,0.9999755,0.47786713,1.2747654
357,0.53113127,0.95337826,1.2749434,0.68633157
358,0.6197835,0.99892706,0.7054356,0.7305747
359,0.5232184,1.0890305,1.3793733,0.94134337
360,0.7298126,1.5325079,1.0011154,1.4630835
361,0.98743916,1.1694072,0.39644375,1.2333095
362,0.48587772,1.113081,2.1703687,0.9591027
363,0.52321476,0.85435164,0.4165997,1.2333695
364,0.62575865,1.5028825,1.5671784,1.321862
365,0.7346498,1.2236886,0.851281,0.9740111
366,0.3597803,0.7716312,0.9825079,0.69560975
367,0.42526326,0.8287298,1.1088208,0.8036344
368,0.66347826,1.1160529,1.1571236,0.86646694
369,0.6896501,1.3123482,2.4878566,1.0793936
370,0.4131671,0.77656007,0.8186143,0.8029776
371,0.40899488,0.83369386,1.1454751,0.815704
372,0.8739505,1.3753341,0.68743634,1.2633655
373,0.41203827,0.7846944,0.7207407,0.8101202
374,0.5241236,1.0395713,2.2569609,0.9176064
375,0.5994828,1.2518373,1.2387984,0.95438343
376,0.4043082,0.8438964,1.6437819,0.91470885
377,0.5083169,1.0084826,1.5195526,1.1086478
378,0.5517755,1.0811307,0.8147737,1.203158
379,0.4718902,0.74505746,0.72831285,0.75019395
380,0.55861956,0.91911274,0.70197767,0.99520075
381,1.0048989,1.5002292,1.1823478,1.0960599
382,0.5085905,1.0131246,1.3750879,0.8936738
383,0.42077178,0.80427015,0.48774743,0.5841226
384,0.35969147,0.7420771,0.86271906,0.7000145
385,0.63444906,1.3164035,1.3670902,1.0460056
386,0.73065734,1.3688161,1.1750385,1.0972184
387,0.37431657,0.7033186,1.5044911,0.7422874
388,0.43143934,0.9824991,1.8666942,0.9357556
389,0.5022791,0.934769,1.7445691,0.8745992
390,0.4390196,0.8516257,0.7250359,0.63985765
391,0.45567867,0.83246887,0.41035667,0.78657603
392,0.66101116,0.94201803,0.50754845,0.9236854
393,0.6354976,0.8655621,0.69772065,0.9622644
394,0.36801308,0.79988825,1.2694293,0.7128777
395,0.50917083,0.8714441,0.9107608,1.0474087
396,0.62324965,1.205593,0.85419726,1.1235695
397,0.4419387,0.75742674,0.43556932,0.7714529
398,0.6342641,1.2221891,1.302566,0.8727977
399,0.84757733,1.4230556,1.399158,1.4680789
400,0.5006933,1.0552357,1.021653,0.93245125
401,0.43050322,0.7004672,0.8937165,0.6480098
402,0.40199748,0.87434244,1.3605411,1.028553
403,0.862317,1.6055013,0.80635786,1.3799765
404,0.6214898,1.1132876,0.68308485,1.2515206
405,0.49027416,0.9594539,0.7243071,0.9135007
406,0.4615889,1.1071364,1.6424295,0.9522358
407,0.66813254,1.3490498,1.6556034,1.1189268
408,0.85727537,1.3890162,0.69410723,1.318948
409,0.3571016,0.88744044,3.095989,0.7630103
410,0.87155753,1.1827127,0.54481083,1.3366114
411,0.9756308,1.5535066,0.36812747,1.6284354
412,0.681364,1.013599,0.46006623,1.1878148
413,0.61248976,1.0824679,1.0712405,1.0328015
414,0.8074269,1.3488228,1.2699434,1.4265506
415,0.6105609,1.0525142,0.88614213,0.88281566
416,0.58453923,0.9302906,0.8385111,1.0690491
417,0.47468048,0.9465309,1.2929056,0.9089934
418,0.48337185,0.7561269,0.9179372,0.7090485
419,0.7293544,1.2038139,0.76607525,1.0711541
420,0.5369795,1.1315855,2.6854844,1.0685916
421,0.47883797,1.0894594,2.5091786,0.76020163
422,0.5655768,1.1518344,1.7941817,0.98919976
423,0.68571633,1.1349101,0.83488846,1.0333968
424,0.82143515,1.4714714,1.7047842,1.0637159
425,0.58635443,1.1206126,1.3948011,1.0273134
426,0.56879836,1.0720391,0.9604625,0.6527894
427,0.42618227,0.80276906,0.48205313,0.78854805
428,0.3891858,0.9073101,1.1907026,0.80022156
429,0.55325943,1.2966508,2.171607,0.9344287
430,0.39333755,0.7016793,1.4595802,0.86431324
431,0.6073324,1.2107364,0.752221,1.2767593
432,0.5563503,1.4399333,1.2042977,1.2323129
433,0.6176525,1.0254322,0.7558025,1.0738546
434,0.54278016,1.0451144,0.84065104,0.9357488
435,0.6527969,1.1794465,0.7563974,1.1287949
436,0.7585229,1.3108946,0.84838647,1.1429472
437,0.49289516,0.9437634,1.0416626,0.8813366
438,0.45122436,0.89051306,0.92948043,0.90731424
439,0.7834258,1.1095427,0.24297668,1.0401353
440,0.5358553,0.84445596,0.751248,1.3680748
441,0.50454456,1.0257828,1.1115037,1.0575775
442,0.6920716,1.0004696,0.6876656,1.208
443,0.527807,0.93937784,0.5373788,1.2248292
444,0.9657371,1.5516684,1.0837388,1.4654113
445,0.5905676,1.1410029,1.3764567,1.0931975
446,0.53823215,1.1093742,0.7893762,0.88277733
447,0.7613423,1.5440503,0.78589654,1.147838
448,0.57689357,1.0946848,1.286967,1.3457778
449,0.6135893,1.033272,0.6833682,0.9579884
450,0.6026807,0.91702724,1.4695053,1.2246227
451,0.60072,1.0473449,1.8050339,0.90991485
452,0.5902971,0.9594828,0.68603736,0.7793729
453,0.5710321,1.1986028,0.7869608,1.0671537
454,0.5382458,1.1193326,1.2687334,1.0608788
455,0.5513046,1.0529021,2.1928415,0.99930114
456,0.5949894,1.0356879,0.88912046,1.0128303
457,0.65350205,1.0680522,0.56905484,1.0953168
458,0.55619824,1.0410944,1.6763215,0.8350396
459,0.5413378,1.0187987,0.832404,0.8393249
460,0.7138988,1.0505959,1.2569311,1.1852233
461,0.7497818,1.1677198,0.75973153,1.0634813
462,0.93498236,1.5792928,1.3821627,1.2046711
463,0.70206285,1.0001949,0.39680004,0.9804123
464,0.57069457,0.9792567,1.2235303,0.9848524
465,0.9553822,1.4545057,0.62752944,1.3483448
466,0.8004749,1.3199117,0.74019617,1.3896129
467,0.59744346,1.1031716,1.3492023,1.0763927
468,0.7865666,1.3283707,1.5620522,0.8731035
469,0.49455836,0.7735172,0.9911998,1.040518
470,0.825222,1.3976063,1.6189831,1.0890485
471,0.77306384,1.4311874,0.64691365,1.3344553
472,0.67524606,1.1046472,0.95727575,1.0857686
473,0.61524105,1.2435151,0.9944776,1.0757964
474,0.4458545,0.8772808,3.1549432,0.905653
475,0.61889696,1.3206944,1.1136323,1.3306923
476,0.55644166,0.9067466,0.7262041,0.72344303
477,0.5377197,1.0859482,1.36165,1.0134722
478,0.534734,0.9999531,1.0449505,0.9449364
479,0.5652821,1.0491073,1.4818423,0.8956076
480,0.66862315,1.2798263,1.5567987,1.2695799
481,0.63132656,1.1072665,0.6807343,0.9654288
482,0.49436396,1.0566725,1.8445265,1.3339331
483,0.6141437,1.1846848,1.0846307,1.0264432
484,0.6319461,1.2128056,0.87492406,0.93580973
485,0.66570413,1.138515,0.6311532,1.0627449
486,0.5276077,1.0822256,1.2092278,0.8486158
487,0.82903,1.735857,0.79673445,1.245666
488,0.43367577,0.8638203,0.53129613,0.7970561
489,0.50384754,1.0436428,1.7336831,0.7651815
490,1.0145575,1.9287893,0.8984426,1.1427686
491,0.4632591,0.7495349,0.5737983,0.8274539
492,0.6878898,1.201586,0.67397857,0.9341606
493,0.530246,1.0375866,2.103011,0.87046665
494,0.36194345,0.60546154,0.5794573,0.87071764
495,0.80338806,1.25581,0.6806525,1.6056798
496,0.54549015,1.1958907,1.1727786,1.0712898
497,0.60562646,1.0246589,1.2170181,1.1831688
498,0.45569843,1.0282545,1.0509946,0.8696759
499,0.62258327,1.2802126,3.0651207,1.1066455
500,0.65603703,0.88676745,0.5470588,0.9930442
501,0.6743,1.2724051,1.2660213,1.2403286
502,0.58565295,1.0408878,1.0536346,0.8916016
503,0.62458634,1.1095103,0.71714866,1.1642996
504,0.6747931,1.1194922,1.0561916,1.4097064
505,0.5925017,0.98928374,0.7335466,1.0435196
506,0.45231193,0.85947347,0.63368213,0.82193965
507,0.65950143,1.0780756,0.66874284,1.1271372
508,0.3428645,0.8100501,0.32906687,0.75630355
509,0.89825135,1.0488765,0.20009245,1.407361
510,0.69306386,1.03298,0.78901494,0.8997805
511,0.61933887,0.9924018,0.9820184,0.7539786
512,0.67423236,1.0687257,0.71949124,1.1947887
513,0.673524,1.3518502,1.2768245,1.0616453
514,0.55768824,0.8256568,0.82017606,0.8146414
515,0.44805357,0.9030881,1.1346527,0.9043202
516,0.61220175,1.2721399,1.5391519,1.0123205
517,0.7005367,1.2629755,1.3153554,1.1915216
518,0.4954392,0.7515291,0.4363415,0.7397324
519,0.51532733,1.1944315,2.6345615,0.77979153
520,0.63478875,1.6765045,1.6491901,1.1900778
521,0.8178178,1.3825623,1.8506731,1.2356439
522,0.47857627,0.94768745,0.5985068,0.8381336
523,0.7505266,1.1724552,1.1173544,1.4829847
524,0.45350733,0.7858628,0.4574691,0.97017443
525,0.7118434,1.220593,0.66715074,1.2084837
526,0.5764052,1.0328885,0.39995253,0.95495987
527,0.72815335,1.131938,0.9854261,0.8545427
528,0.45510113,0.85781,1.0685694,0.7786461
529,0.515042,1.0355744,1.854238,0.85101354
530,0.61653095,1.1696754,1.5203258,1.074588
531,0.57233274,1.1627983,1.437401,1.0563381
532,0.5096196,1.109485,0.83624566,1.0348022
533,0.5481289,1.2179863,1.4180049,0.96706843
534,0.6321441,1.1185906,0.8052699,1.384087
535,0.5403863,0.93452954,0.9914981,0.81272805
536,0.6155086,1.0798528,0.76137006,1.0643615
537,0.65255344,1.4717935,1.799216,0.99955076
538,0.5548591,0.9927073,0.4977364,1.1044701
539,0.91218466,1.692499,1.3817408,1.228061
540,0.610517,0.8685814,0.5023291,0.9709665
541,0.53267044,0.77520853,0.72941947,1.0908742
542,0.93690884,1.3987236,1.2498477,0.9338747
543,0.67390794,1.1548288,1.3226696,1.1695809
544,0.5926376,0.96146363,1.0842417,1.0015333
545,0.4256642,0.78758794,0.6666351,0.9424477
546,0.86140555,1.4340298,0.4937206,1.200013
547,0.79431593,1.2647187,1.0047854,1.3583667
548,0.57223266,1.3021476,0.80510694,0.9777402
549,0.5979014,1.0875069,1.2544599,0.89075214
550,0.5542022,1.014654,0.45499837,1.1296616
551,0.580778,1.0534979,1.2426358,0.725693
552,0.59494054,1.0598999,0.87792456,1.0141741
553,0.7310467,1.0706551,0.47003743,1.1814752
554,0.63052636,0.96513796,0.5732841,1.1175123
555,0.53751826,1.1768303,1.8783301,0.98840654
556,0.38523406,0.7928321,1.448943,0.89183056
557,0.5461964,1.0607278,1.125332,0.88906515
558,0.7175262,1.3900157,1.2563589,1.0776074
559,0.5344711,1.2382737,2.8860369,0.75167173
560,0.97564155,1.3404934,0.42827135,1.1210423
561,0.5163808,0.99255884,1.5661433,0.99480575
562,0.810241,1.3230705,1.0407217,1.0822229
563,0.72441566,1.5452323,2.0482488,1.2987077
564,0.749563,1.2162508,0.5913173,1.1914582
565,0.5074941,0.7856654,0.48572323,0.6974001
566,0.4744011,0.95295936,1.194681,0.8219639
567,0.56186134,1.0450585,0.9624131,0.98797
568,0.4936411,1.1136186,0.883024,0.99844396
569,0.4471302,1.0990586,1.5990419,1.0242488
570,0.5402012,0.9119987,1.1945952,1.2266909
571,0.59919447,1.4318306,2.1545675,0.9986872
572,0.39154285,0.8143896,1.3357431,0.7673191
573,0.43273443,0.88452935,0.9822641,0.8389675
574,0.7655916,1.28742,1.3114249,1.0187614
575,0.5380816,1.1721987,1.7258044,1.0617143
576,0.7554941,1.3014377,0.98485714,1.1859822
577,0.5734965,1.0797037,0.6538959,1.02845
578,0.48888892,1.1033007,1.2609823,0.82716876
579,0.54616797,0.81857955,0.43665445,0.75062335
580,0.3904329,0.8015082,1.1458015,0.70383584
581,0.47624505,0.9575822,1.4077412,0.80612826
582,0.47536835,0.86355585,0.67092735,0.86618555
583,0.42857668,0.6672047,0.88699746,0.7493006
584,0.42265028,0.76761866,0.51132846,0.7703714
585,0.97970957,1.604621,1.2995669,1.6588029
586,0.48772755,0.91004145,1.0431484,1.0335209
587,0.66640407,1.3099389,0.99344057,1.0497938
588,0.54857653,1.1142411,1.0385292,0.96639115
589,0.48971647,0.9170703,0.87453717,1.003439
590,0.67223287,1.3124385,1.0381691,1.2311678
591,0.7802452,1.4408069,1.5473111,1.2120745
592,0.4715221,0.8464745,0.6216175,0.77578145
593,0.42695904,0.8491082,1.74134,0.72502106
594,0.5903138,1.2355914,1.1560115,0.89776576
595,0.66200256,0.9645332,0.6523972,1.2186778
596,0.5344862,1.1081349,0.68810284,0.8016001
597,0.6653931,1.3283207,2.1762462,1.014028
598,0.43060476,1.0021113,0.908507,0.862503
599,0.52622133,0.95970607,0.69053197,0.99670637
600,0.40477303,0.89737153,3.02141,0.8429961
601,0.45891064,0.7852969,0.29542682,0.7612643
602,0.7212579,1.199503,0.64669245,1.1111455
603,0.51006246,0.89328647,1.5591166,0.994168
604,0.5541666,1.0786511,1.3681421,1.079692
605,0.3776695,0.82136786,1.1098281,1.2783996
606,0.52225035,0.95379215,1.4400524,0.9360405
607,0.6932905,1.0726908,1.2092785,1.0719308
608,0.5246064,1.1163507,1.0641824,0.80802286
609,0.5533221,1.0286359,0.64931685,0.9111287
610,0.37753835,0.7141695,1.3366898,0.61653423
611,0.6445905,1.0138217,1.3507072,0.9381038
612,0.6825515,1.2786987,1.2365409,1.1257237
613,0.51914936,0.914045,0.45911157,0.9061639
614,0.78656375,1.382129,1.4716232,1.3606735
615,0.84708524,1.8021424,1.476981,1.527869
616,0.5691069,1.1413206,1.0612544,0.8696399
617,0.6932113,1.7776346,3.346234,1.34186
618,0.8525523,1.5952332,1.4704218,1.3015277
619,0.648669,1.1381096,1.0435822,1.1029273
620,0.42641848,0.7416327,0.4181352,1.0053029
621,0.6451192,0.8787518,0.3407635,1.0450822
622,0.7743493,1.0290711,0.48872322,1.1631727
623,0.44463772,0.74141705,1.0387644,0.8451733
624,0.7897035,1.3007731,0.8412298,1.2500412
625,0.55780345,0.9341407,0.58180475,1.0466114
626,0.6210971,1.0248365,1.2934291,1.042293
627,0.5601131,0.9873802,1.0305479,0.8343034
628,0.6091368,1.1148194,0.52901614,1.1384336
629,0.8583005,1.9123883,1.4017217,1.534755
630,0.661345,1.2226737,1.2161666,1.473848
631,0.6503343,1.0404032,0.7857263,1.0015059
632,0.70109254,1.0203723,0.43496186,1.2348683
633,0.54137504,1.0004598,0.58627313,1.2785501
634,0.79501337,1.2401972,0.62479603,1.3414651
635,0.6563281,1.1970811,1.1399927,1.0666144
636,0.6060456,0.99266154,1.3552407,0.98750377
637,0.6048179,1.2721882,1.0782098,0.713637
638,0.49523935,0.9515819,0.8510305,0.90556633
639,0.46520752,0.7579094,0.52399385,0.79443604
640,0.6167304,0.9909213,0.54960376,1.1927127
641,0.45267147,0.8535298,1.2566047,0.98850524
642,0.42343596,0.9166898,0.5933732,0.7588315
643,0.53064525,0.94541967,1.4277825,0.7433001
644,0.5615183,1.2143589,1.5008957,1.0490367
645,0.61860657,1.178427,0.9459556,1.0378525
646,0.4943429,0.865873,1.0614922,0.79596466
647,0.662337,1.2179714,2.6104796,0.8776743
648,0.5727152,0.9411995,1.7875539,1.0047519
649,0.73918045,1.3541226,0.83656096,1.1019154
650,0.6451789,1.4212892,1.0353098,1.1890264
651,0.536207,0.90317756,0.35350597,0.9653151
652,0.58634883,1.266832,1.3426994,1.1620183
653,0.50231653,0.891293,0.8717104,1.0738968
654,0.42857003,0.8881765,0.73556566,0.87871116
655,0.47552854,0.84073704,1.1596643,0.79808223
656,0.68468016,0.9737493,1.3326018,0.92638946
657,0.5461892,1.0596261,1.4238594,0.7924741
658,0.41338402,0.83679,1.1268095,0.65639794
659,0.6843273,1.3987749,1.173498,0.972679
660,0.6613912,1.2164586,1.0695567,1.2912866
661,0.6105263,0.90014786,0.47578716,0.90544885
662,0.6492438,1.1010137,1.0435361,0.9167322
663,0.5497022,1.2311614,1.7991657,1.0768108
664,0.41203296,0.87492096,1.3015276,0.7430604
665,0.5944318,1.052654,0.9437031,0.97778916
666,0.5430946,0.94680375,1.41344,1.2247844
667,0.6738577,1.1321841,0.7488178,1.2896103
668,0.5621253,0.9575473,0.6688821,1.0029113
669,0.52414924,0.8450367,1.1633332,0.86233014
670,0.54147667,0.95759916,1.8857753,0.8238269
671,0.64154595,1.143509,0.7206005,1.1050439
672,0.54535747,0.9744973,1.2038612,1.0920424
673,0.6768854,1.1981316,0.7659181,1.260045
674,0.33738744,0.58806705,0.52815706,0.68726456
675,0.8766866,1.4505956,1.5514262,1.3089302
676,0.74404,1.6483641,1.7155893,1.236659
677,0.6435442,0.951469,0.5912436,1.0220622
678,0.83792174,1.3432137,0.5827665,1.3187891
679,0.61050963,0.9023211,0.46354988,1.0335863
680,0.5470117,0.9961439,0.74287987,0.85756814
681,0.34197658,0.74966824,0.55426234,0.911129
682,0.5299124,1.1832247,1.6846608,0.764684
683,0.6748441,1.0489361,0.59714985,0.8435762
684,0.76698303,1.2724426,1.4025651,1.4770184
685,0.7026142,0.9048748,0.4438131,1.0728904
686,0.48959127,1.237045,3.0332384,0.9447714
687,0.48239473,0.9287927,1.0248362,0.7353517
688,0.54109406,0.99842983,2.0991387,0.794889
689,0.46910128,1.0177512,0.72292185,1.2469287
690,0.5418765,0.88563114,1.4367113,0.8939464
691,0.8787528,1.637157,1.5949011,1.5170078
692,0.4339533,0.90685284,0.81017756,0.80402267
693,0.69257283,1.2960062,1.1352391,1.0450075
694,0.3334652,0.7157117,1.1727083,0.6197671
695,0.6068301,0.92704433,0.3528234,0.94466215
696,1.0407159,1.3536534,0.6363175,1.1260602
697,0.44131118,0.88119966,0.717777,0.9640413
698,0.606183,1.1491296,1.2135961,1.0291202
699,0.72306347,1.0555427,0.5512607,1.4569068
700,0.42759442,0.86985373,0.67787206,0.79396755
701,0.52673125,0.85411716,0.8311649,0.77696466
702,0.5338902,0.84373164,0.6468477,1.08666
703,0.63913536,1.215201,1.3458228,1.1191392
704,0.66671544,0.98032916,0.34761,1.0970191
705,0.4246726,0.8494234,0.9797459,0.65417945
706,0.55638164,0.994164,0.8974679,1.081882
707,0.526535,1.0322589,0.8838492,0.9320377
708,0.5858576,1.2238262,2.0822973,0.9386362
709,0.4149449,0.8449997,1.6976515,0.8285303
710,0.6976627,0.9772903,0.4665531,1.0124583
711,0.52921015,1.081743,1.9685427,1.1208456
712,0.625613,1.1318433,0.58060294,1.3377067
713,0.51656646,0.8431584,0.6440943,0.6447752
714,0.7486376,1.2573993,1.3798409,1.0892216
715,0.45741928,0.78674525,0.7262844,0.72725236
716,0.5260125,1.3440269,6.466567,0.80225384
717,0.5069881,0.8337821,1.2069968,1.0396667
718,0.6002494,1.1221802,0.94392204,1.025658
719,0.6773703,1.1969051,0.66051394,1.0632639
720,0.6941282,1.2867448,0.8770976,0.91817003
721,0.43715733,1.10135,1.3196278,0.8419248
722,0.55368114,1.0551037,0.727322,0.94020826
723,0.5656407,1.0254542,0.7889179,1.1363411
724,0.5664877,0.9854826,0.3354449,0.8738019
725,0.50586796,1.037544,1.0713637,0.9060148
726,0.5010288,0.9874413,1.8006339,1.0639765
727,0.5474145,1.2925565,1.903073,0.96630365
728,0.841544,1.3696554,1.8743118,1.2897336
729,0.61603594,1.180848,0.84853417,1.0186926
730,0.713197,1.4553547,1.0601631,1.2725825
731,0.6320667,1.0428505,1.2956498,1.1640184
732,0.5363094,1.3213983,1.3787812,1.1038129
733,0.5650509,0.9604297,0.65732,1.120671
734,0.570488,0.7693349,0.49792102,1.008237
735,0.60818267,1.1625526,0.9883906,1.3263352
736,0.45093372,0.8082635,0.9647291,1.0230147
737,0.76703393,1.5134056,3.3641093,1.4776713
738,0.57283026,1.092442,1.4148853,1.045028
739,0.53378546,0.9146048,0.8470003,0.7629524
740,0.57758206,1.0391525,0.8554145,0.8227744
741,0.4509378,0.849697,0.98002845,0.7737305
742,0.6295091,1.07486,0.35954902,1.0446818
743,0.71588004,1.1473429,0.81877387,1.2238935
744,0.48620543,0.93052816,0.41666138,1.0419953
745,0.49286908,0.75742215,0.7544603,0.86119574
746,0.65648127,1.3679272,0.79864323,0.8832796
747,0.7524598,1.3136237,1.0027599,1.1567088
748,0.72137105,1.0599159,0.8506135,1.2894826
749,0.37587324,0.95306814,2.6293945,0.8100432
750,0.50584567,1.2297467,1.6448603,1.0180858
751,0.521466,0.8341656,0.72736675,0.8333733
752,0.48212174,0.8183865,0.9698965,0.75127417
753,0.49638605,0.9218561,0.7322583,0.92240584
754,0.5708777,1.0008433,1.0494499,1.0887108
755,0.60402334,1.0340527,1.1378256,1.1935837
756,0.89979595,1.4667366,0.9902129,1.2522646
757,0.82130504,1.2763594,0.60096866,1.2247666
758,0.7124144,1.256929,0.39893505,1.1758466
759,0.45777726,0.9418275,2.6766746,0.93709487
760,0.35736513,0.74749446,0.70569974,0.647557
761,0.8241794,1.308269,0.68311447,1.119813
762,0.70721465,1.3405137,2.1491568,0.89059794
763,0.4519287,0.6652695,0.66486156,1.015183
764,0.58657545,1.0075402,0.8563589,1.145152
765,0.6742617,1.1587163,0.8753679,0.9991619
766,0.49011618,0.89123785,0.44875047,0.9096648
767,0.43024084,1.0169156,0.57784736,0.92532784
768,0.6020246,1.1275162,1.1071551,0.88258004
769,0.46886572,1.1041402,3.1246905,0.853004
770,0.7050131,1.1755829,0.5489568,1.2083858
771,0.5475305,0.96943283,0.627627,1.0134538
772,1.0390279,1.7116674,1.0096313,1.6494471
773,0.43408185,0.8516238,0.8538436,0.7531979
774,0.7194222,1.2118905,1.4533405,1.5048958
775,0.5865566,0.9699508,0.6225564,0.9701939
776,0.76367325,1.1367869,0.30088848,1.2749114
777,0.49854353,0.9621319,1.4687927,0.8832292
778,0.6842109,1.244505,0.8348416,0.9910065
779,0.52226907,0.92225504,0.7744241,0.8799067
780,0.43294898,0.720497,0.50243366,0.877116
781,0.68229985,1.4914327,1.8309695,1.2003276
782,0.6768803,1.3913312,1.0910617,1.2203215
783,0.5855882,0.88766587,1.6823752,0.8956329
784,0.94734585,1.6905653,1.7017332,1.5719851
785,0.40636355,0.83377385,1.8818295,0.8286998
786,0.92692363,1.4034867,0.7437817,1.3874736
787,0.5299839,0.9834825,0.5433054,1.0771753
788,0.58115876,1.1096013,0.57649684,1.0446323
789,0.589688,1.1050092,0.91068256,1.2808375
790,0.59265375,1.1307299,1.194542,0.9224231
791,0.6428466,0.95594853,0.8448348,1.1079173
792,0.5139755,1.0065327,1.0907468,0.851918
793,0.5085048,1.0918193,0.99620825,0.99267244
794,0.45646793,0.92375904,1.1989361,0.8338736
795,0.73784727,1.0606931,0.79903257,1.0000229
796,0.50304717,0.8919793,0.91487557,1.0184637
797,0.49161392,1.2334338,2.929483,0.8372215
798,0.6370685,1.0954887,0.65415275,1.1247805
799,0.8760828,1.5287324,1.727044,1.3828858
800,0.44049147,0.75917506,0.71290076,0.6494051
801,0.7170874,0.9923315,0.67625767,1.262737
802,0.550184,1.1813314,1.5576388,1.0203693
803,0.7483641,0.8978472,0.5141819,1.0062526
804,0.710935,1.3505033,0.42502332,0.94354343
805,0.5462503,1.0252641,1.1407305,0.66363156
806,0.6727551,0.95772654,0.4097775,1.0167867
807,0.538918,0.8717035,1.0410748,1.165422
808,0.61809826,0.8671833,0.6299655,0.7868474
809,0.7995326,1.3004357,0.86220175,1.274665
810,0.6353917,1.0228555,1.0094748,0.7565683
811,0.78151906,1.1309061,0.9809733,1.4843116
812,0.6227871,1.1044304,1.1771966,1.049629
813,0.4988722,1.1353884,1.8066378,1.005816
814,0.45266798,0.7947791,1.0888022,0.8950173
815,0.57526445,1.1508346,1.0331843,0.7785884
816,0.5336785,0.99467075,1.0898072,0.9936859
817,0.4786709,0.92322034,1.3255535,0.99158144
818,0.5975789,0.9928784,0.52888525,1.0309964
819,0.51825,0.82228553,0.42717892,1.1191068
820,0.6024054,1.0333687,0.7479409,0.930184
821,0.5457405,1.0856256,0.8542116,0.7164502
822,0.46906924,1.0582185,1.3293334,1.0642846
823,0.6401073,1.52763,1.6557877,1.1498073
824,0.56649864,1.2624365,1.697815,0.88866776
825,0.65583646,1.1680853,0.4035721,0.97606134
826,0.6371727,1.057677,0.70094645,1.0409768
827,0.62750036,1.2230625,1.7839996,1.1312604
828,0.48407882,0.9699614,0.7001912,0.93278044
829,0.792228,1.4542934,1.2162988,1.0262682
830,0.5500093,0.9929583,0.6634083,0.8589047
831,0.5487915,0.9935781,0.52531123,1.0702555
832,0.71913517,1.1884727,0.9315561,0.97731644
833,0.774734,1.1682616,0.8040182,1.0362647
834,0.47788936,0.952431,0.95525676,0.87377566
835,0.62210417,1.0302432,0.616999,0.8969492
836,0.71404284,1.1042148,0.5296042,1.33555
837,0.5024351,0.87296116,0.4599182,0.63253766
838,0.43540978,0.8786361,0.60885274,0.7465439
839,0.73317385,1.1869379,0.95276076,0.97872627
840,0.5792542,1.0519775,0.6619575,1.0045129
841,0.5141236,1.0592078,0.8691747,0.9753514
842,0.69182754,1.114951,0.52177984,1.187657
843,0.68822443,1.1623964,0.85940033,0.8603472
844,0.6789148,1.221676,0.8013117,1.2775655
845,0.47284293,0.9530206,2.2882116,0.77272093
846,0.50086033,0.88238955,0.51284224,0.61642015
847,0.55870914,1.0253701,1.4035257,0.78219765
848,0.50935274,0.84825027,0.2917405,0.8165572
849,0.40731722,0.9299379,2.5398126,0.7959172
850,0.4928336,0.91503257,0.32640207,0.8249327
851,0.38346425,0.6874372,0.46772635,0.7721731
852,0.7890029,1.3411107,0.6526966,0.89776367
853,0.5071569,0.88035136,0.50584906,0.80701864
854,0.68470037,1.0171661,0.6103438,0.94348323
855,0.50289315,1.0160646,2.3941972,0.89678043
856,0.70391476,1.0909852,0.9777586,1.1999164
857,0.4384746,0.85357875,1.2096446,0.74180937
858,0.3374578,0.7095846,0.53402424,0.65888447
859,0.6059444,1.2553674,2.008363,0.96498835
860,0.58495045,1.1260958,0.8995788,1.0580354
861,0.7846201,1.1790565,1.3259974,1.0964801
862,0.46867073,0.8926223,2.0327868,0.87352526
863,0.6479829,1.0892369,0.42112893,0.890183
864,0.49698165,0.8561547,0.65778214,0.9115195
865,0.50060225,0.8202753,0.6086637,0.82452935
866,0.51170784,1.0911715,1.351932,0.79528993
867,0.59097165,0.9463003,0.35847014,0.74525404
868,0.50038564,1.11945,1.97271,0.821717
869,0.62494147,1.2874641,1.3492188,0.8747232
870,0.56348145,1.1583849,2.0367706,1.0708437
871,0.6534971,1.299456,0.67490745,1.0136458
872,0.58184236,0.85295725,0.31755334,0.8746979
873,0.8397193,1.3603644,0.7834337,1.0956993
874,0.76797783,1.3183252,0.51183623,1.2552972
875,0.68266726,1.2455463,1.4275559,1.2183318
876,0.70604175,1.3080194,1.0065795,1.2183405
877,0.7309732,1.2865162,0.89745414,1.2381465
878,0.5176225,1.1293876,2.2760649,0.79298747
879,0.58950996,1.1478304,2.85413,0.9366554
880,0.5924633,1.0927912,1.5344827,0.8324911
881,0.6942353,0.88069373,0.5388669,1.1055738
882,0.7618948,1.0352849,0.6767151,1.1970801
883,0.5223348,1.0966837,0.9702535,0.99310565
884,0.6628014,1.268917,1.347554,1.0690958
885,0.5458005,1.0731248,0.92206687,0.83118033
886,0.9104445,1.6217068,0.69032794,1.395086
887,0.61071163,1.1932275,1.2548578,0.8880584
888,0.54572475,0.8553617,0.98134625,0.93961227
889,0.5324123,1.1386002,1.286148,0.99897295
890,0.68979776,1.407936,1.605792,1.2275281
891,0.5100153,0.8377713,0.95041263,0.8034451
892,0.57235605,0.88329923,0.6937213,1.1473666
893,0.5290384,1.037223,2.1737306,0.8644415
894,0.63584113,1.0176603,1.600859,1.0756301
895,0.4335086,0.99534345,1.6377031,0.7352504
896,0.42211196,0.85262567,0.5836117,0.80112696
897,0.608599,1.3337208,2.0015774,1.0011443
898,0.78541094,1.1734775,1.2067994,1.2654223
899,0.38473368,0.78439796,0.87104,0.7236289
900,0.5243046,0.9383396,0.94483095,1.0345551
901,0.43254468,0.83322096,0.4246872,0.8744011
902,0.4983569,1.0510186,1.108691,1.2757596
903,0.7034013,1.0489266,0.7241532,1.1575152
904,0.48601332,0.980729,0.5969276,1.1597686
905,0.64719,1.1919465,0.9353743,1.0317597
906,0.60136634,1.2086442,1.4151232,1.0994045
907,0.9195963,1.3157636,0.6093452,1.355983
908,0.63169485,1.3554521,1.4933643,1.1639363
909,0.38545862,0.8100428,1.2926874,0.79631436
910,0.9437123,1.2651839,0.46493754,1.180033
911,0.53752893,1.2677759,1.8328663,0.86827165
912,0.6974047,1.261483,0.9943619,0.927878
913,0.7974149,1.3029939,0.9355813,1.5382589
914,0.47854102,1.0973052,4.73689,1.015163
915,0.41636777,0.7609031,0.9524299,0.78830844
916,0.67628837,1.0800513,0.89741343,1.1317976
917,0.6454763,1.262514,0.8538428,0.9649679
918,0.45596677,0.98979706,1.0529823,1.000739
919,0.5195406,1.0239776,0.82788545,0.97332484
920,0.6789155,1.0877801,0.5811563,0.9867182
921,0.6797134,1.6155202,2.7311544,1.1786089
922,0.5546262,1.0933455,1.0769944,0.725459
923,0.7224116,1.3106899,1.121397,1.038525
924,0.4847548,1.0289929,1.4198499,0.81834316
925,0.41779077,0.8755132,0.8051144,0.6430026
926,0.4843103,0.9246771,1.6047527,1.0696656
927,0.4018718,0.75955844,1.3690395,0.82708365
928,0.5128185,1.2331709,1.9220569,0.769439
929,0.5389042,0.7251282,0.61643195,0.7726282
930,0.43652868,0.804576,0.9295161,0.9307889
931,0.36743826,0.71103376,0.78463995,0.7773284
932,0.64953524,1.3725698,3.0011203,1.009845
933,0.5793875,0.9694352,0.7283443,0.76062924
934,0.6879067,1.3695941,1.1683397,0.9686599
935,0.5144178,0.92922443,1.6637876,0.84389865
936,0.63328123,1.1680198,1.1200587,0.9391714
937,0.5243387,1.025117,1.0955079,0.9185914
938,0.62600076,1.135014,0.9821951,1.1222494
939,0.5526288,0.9439696,0.65344447,0.8865507
940,0.5717359,1.0838763,0.8444761,1.0411328
941,0.4346306,0.8392904,0.9837043,0.7743388
942,0.5969369,0.98878366,0.832605,1.1081169
943,0.64610916,0.94169503,0.7491044,1.0115746
944,0.80963063,1.6240191,1.837421,1.6252898
945,0.36166227,0.7616458,2.3659964,0.74072266
946,0.59578276,0.9524188,1.0109619,0.9960909
947,0.6992606,1.3490098,2.3032136,1.6510503
948,0.59213746,1.1780182,1.8591657,0.8737928
949,0.4993615,0.9031448,0.6459155,0.9649754
950,0.6536813,1.0094043,0.26942822,1.2141845
951,0.75451255,1.4482012,0.97840947,1.3351696
952,0.4791225,0.9693919,0.73805976,1.1125016
953,0.529947,1.0125456,0.77238643,1.0429196
954,0.6207257,1.2186956,0.9316511,0.9508686
955,0.517265,1.0576257,0.7863418,1.3100331
956,0.4505739,0.9306893,0.93330395,0.9773145
957,0.5324743,1.0462927,0.7424947,1.025289
958,0.41908997,0.8495904,0.758422,0.81157744
959,0.6300405,1.3645873,1.1247326,0.90284765
960,0.513425,0.89210117,1.1778702,1.0178301
961,0.87433,1.1052959,0.570212,1.3396932
962,0.7365153,1.1904622,0.61543894,1.1572516
963,0.68861496,1.1246518,0.27513802,1.1360285
964,0.4704312,0.8925094,1.2077379,0.7793853
965,0.39435384,1.0095675,3.5404804,0.54879546
966,0.65526235,1.298625,0.75315094,1.0190548
967,1.0067706,1.4788905,0.8867149,1.1802541
968,0.52543265,0.9668958,1.0452366,0.74495757
969,0.71673405,1.156733,1.007795,1.1610974
970,0.53192806,1.0662833,1.0639081,1.143148
971,0.6227483,1.3146795,1.5529985,1.0825416
972,0.57992184,1.1435354,0.5445207,1.1854149
973,0.7157328,1.2370988,1.4171057,1.1151708
974,0.56179696,0.93119615,0.9296925,0.96711755
975,0.6444007,1.2425176,2.0603752,1.0049098
976,0.59111196,1.0128722,0.6315759,0.9801582
977,0.37469503,0.7526883,1.3092425,0.84114677
978,0.67248243,1.2588675,1.9719175,1.1700572
979,0.6306393,1.1247454,0.67382145,1.0557724
980,0.8206755,1.4437736,0.90198874,1.4609821
981,0.56788486,1.133928,1.4590983,1.1109675
982,0.6936579,1.3390925,1.0319185,1.2849357
983,0.7207687,1.2533387,1.0781728,1.0531985
984,0.7952345,1.4681938,1.4717951,1.2899538
985,0.48790357,0.9153864,0.7777488,0.7704784
986,0.6015251,1.0692973,0.84879726,1.1243669
987,0.708815,1.1241491,0.8990616,1.3656718
988,0.4376249,1.0016851,1.1327841,0.6673911
989,0.76774347,1.2967589,0.90973747,1.1020365
990,0.5541585,1.2033815,0.9173503,1.1130946
991,0.3477052,0.768777,1.2470415,0.69024104
992,1.0047734,1.7107949,2.5143654,1.3735209
993,0.62533605,1.0881205,1.3389148,1.1467428
994,0.57127404,1.0080601,1.3713083,1.3811159
995,0.5502609,1.1431322,0.5909699,1.0143061
996,0.7419466,1.3606862,0.46390563,1.2385771
997,0.80716586,1.4050411,0.5965661,1.8059514
998,0.6943411,1.3097109,0.8111831,1.0337038
999,0.79552567,1.2470981,0.8218639,1.0001618
1000,0.5229365,0.99637806,1.0162215,1.1451064
